tag,shloka_ref,title,translation
addiction,15.2,"Chapter 15, Verse 2","The branches of this tree extend downward and upward, nourished by the three modes of material nature. The twigs are the objects of the senses. This tree also has roots going down, and these are bound"
anger,2.15,"Chapter 2, Verse 15","O best among men, the person who is not disturbed by happiness and distress and is steady in both is certainly eligible for liberation."
anger,2.62,"Chapter 2, Verse 62","When a person constantly thinks about sense objects, attachment to them develops. From attachment arises desire, and from desire comes anger."
anger,4.10,"Chapter 4, Verse 10","Freed from attachment, fear, and anger, fully absorbed in Me and taking refuge in Me, purified by the fire of knowledge, many in the past have attained My state of being."
anxiety,18.66,"Chapter 18, Verse 66",Abandon all varieties of religion and just surrender unto Me. I shall deliver you from all sinful reactions. Do not fear.
anxiety,2.3,"Chapter 2, Verse 3","O Partha, do not give in to this weakness. It does not suit you. Give up this petty faint-heartedness and arise, O conqueror of enemies."
attachment,11.27,"Chapter 11, Verse 27",All the warriors rush into Your terrifying mouths with dreadful teeth. Some are seen trapped between Your teeth with their heads crushed to pieces.
attachment,11.33,"Chapter 11, Verse 33","Therefore arise and gain glory. Conquer your enemies and enjoy a prosperous kingdom. These warriors have already been slain by Me. O skilled archer, you are merely an instrument in this process."
attachment,11.34,"Chapter 11, Verse 34","Drona, Bhishma, Jayadratha, Karna, and many other great warriors have already been slain by Me. Therefore defeat them and do not be disturbed. Fight, and you will conquer your enemies in battle."
attachment,12.19,"Chapter 12, Verse 19","One who regards praise and criticism equally, who is thoughtful and restrained in speech, content with whatever comes, unattached to fixed possessions or residence, steady in mind and devoted, such a "
attachment,13.10,"Chapter 13, Verse 10","Non-attachment, absence of entanglement with children, spouse, home, and the rest, and constant even-mindedness amid desirable and undesirable events."
attachment,13.22,"Chapter 13, Verse 22",The living entity (Purusha) situated in material nature (Prakriti) thus experiences the qualities (gunas) born of material nature. It is this attachment to the modes of nature that is the cause of its
attachment,14.6,"Chapter 14, Verse 6","Of these, the mode of goodness, being pure, is illuminating and free from disease. It binds the soul by attachment to happiness and attachment to knowledge, O sinless one."
attachment,14.7,"Chapter 14, Verse 7","O son of Kunti, know that the mode of passion is characterized by intense craving, born of unlimited desires and longings. It binds the embodied soul through attachment to the results of action."
attachment,15.1,"Chapter 15, Verse 1","The Supreme Lord said: They speak of an eternal ashvattha tree with its roots upward and branches downward, whose leaves are the Vedic hymns. One who knows this tree is the knower of the Vedas."
attachment,15.16,"Chapter 15, Verse 16","There are two classes of beings in this world: the perishable and the imperishable. All living entities in the material world are perishable, but the steadfast, unchanging reality is called imperishab"
attachment,15.2,"Chapter 15, Verse 2","The branches of this tree extend downward and upward, nourished by the three modes of material nature. The twigs are the objects of the senses. This tree also has roots going down, and these are bound"
attachment,2.47,"Chapter 2, Verse 47","You have the right to perform your actions, but never to the results of those actions. Do not consider yourself the cause of the results of your work, and do not become attached to inaction."
attachment,2.48,"Chapter 2, Verse 48","Be established in yoga, O Dhananjaya, and perform your actions while abandoning attachment. Remain balanced in success and failure. Such mental balance is called yoga."
attachment,2.49,"Chapter 2, Verse 49","Action driven by selfish desire for results is far inferior to action performed with the guidance of wisdom, O Dhananjaya. Therefore seek refuge in this wisdom. Those who act only for the fruits of th"
attachment,2.62,"Chapter 2, Verse 62","When a person constantly thinks about sense objects, attachment to them develops. From attachment arises desire, and from desire comes anger."
attachment,3.19,"Chapter 3, Verse 19","Therefore, without attachment, always perform your prescribed duty. For by performing action without attachment, a person attains the Supreme."
attachment,3.25,"Chapter 3, Verse 25","As the ignorant perform their duties with attachment to results, O descendant of Bharata, the wise should act with the same zeal, but without attachment, for the sake of leading people on the right pa"
attachment,3.26,"Chapter 3, Verse 26","The wise should not create conflict in the minds of the ignorant who are attached to the results of their actions. Rather, by performing their own duties with discipline and devotion, the wise should "
attachment,3.30,"Chapter 3, Verse 30","Surrendering all your actions unto Me, with your mind focused on the highest self, free from desire and selfishness, fight without any mental fever."
attachment,3.31,"Chapter 3, Verse 31",Those who constantly practice My teachings with full faith and without envy are freed from the bondage of their actions.
attachment,3.35,"Chapter 3, Verse 35","It is better to perform one’s own duty imperfectly than to perform another’s duty perfectly. Even death in the course of one’s own duty is better, for following another’s path is dangerous."
attachment,4.10,"Chapter 4, Verse 10","Freed from attachment, fear, and anger, fully absorbed in Me and taking refuge in Me, purified by the fire of knowledge, many in the past have attained My state of being."
attachment,5.10,"Chapter 5, Verse 10","One who performs their duties without attachment, surrendering the results to the Supreme, is never touched by negative reactions, just as a lotus leaf remains untouched by water."
attachment,7.1,"Chapter 7, Verse 1","The Supreme Lord said: Now hear, O son of Pritha, how by practicing yoga with your mind fully attached to Me, and taking exclusive refuge in Me, you can know Me completely, free from all doubt."
attachment,9.29,"Chapter 9, Verse 29","I am equal to all living beings. No one is hateful to Me and no one is especially dear to Me. But those who worship Me with devotion live in Me, and I also live in them."
authenticity,13.8,"Chapter 13, Verse 8","Humility, pridelessness, nonviolence, tolerance, simplicity, approaching a bona fide spiritual master, cleanliness, steadiness, and self-control;"
authenticity,16.1,"Chapter 16, Verse 1",The Supreme Lord said: Fearlessness; purification of one's existence; cultivation of spiritual knowledge; charity; self-control; performance of sacrifice; study of the Vedas; austerity; and simplicity
authenticity,16.5,"Chapter 16, Verse 5","The divine qualities are considered conducive to liberation, whereas the demoniac qualities lead to bondage. Do not grieve, O son of Pandu, for you are born with the divine qualities."
authenticity,18.55,"Chapter 18, Verse 55","Only through devotion can one come to know Me in truth—who and what I am. Having known Me in truth, one then enters into My being."
authenticity,18.59,"Chapter 18, Verse 59","If you think, 'I shall not fight,' relying on your ego, your determination is vain. Your own nature will compel you to act."
authenticity,18.60,"Chapter 18, Verse 60","O son of Kunti, bound by your own work which is born of your own nature, that which you do not wish to do out of delusion, you will eventually do even against your will."
authenticity,9.11,"Chapter 9, Verse 11",Fools deride Me when I descend in the human form. They do not know My supreme nature as the ultimate Lord of all beings.
balance,10.29,"Chapter 10, Verse 29","Among the Nagas I am Ananta; among aquatic beings I am Varuna. Among the ancestors I am Aryama, and among those who enforce discipline I am Yama."
balance,10.4,"Chapter 10, Verse 4","Intelligence, knowledge, freedom from confusion, forgiveness, truthfulness, control of the senses, control of the mind, happiness and distress, birth and death, fear and fearlessness all arise from Me"
balance,10.41,"Chapter 10, Verse 41","Whatever being possesses power, beauty, or greatness, understand that it arises from a small portion of My divine splendor."
balance,11.49,"Chapter 11, Verse 49","Do not be afraid or confused after seeing this terrifying form of Mine. Free from fear and with a peaceful mind, behold again My familiar form."
balance,11.51,"Chapter 11, Verse 51","Arjuna said: O Janardana, seeing Your gentle human form again, my mind has become calm. I have regained my awareness and returned to my normal state."
balance,12.13,"Chapter 12, Verse 13","One who has no hatred toward any being, who is friendly and compassionate, free from possessiveness and ego, balanced in both happiness and distress, and forgiving in nature, is dear to Me."
balance,12.4,"Chapter 12, Verse 4","Those who control their senses, remain balanced in all situations, and are dedicated to the welfare of all beings also ultimately reach Me."
balance,2.38,"Chapter 2, Verse 38","Treat pleasure and pain, gain and loss, victory and defeat alike. Then engage in battle. By doing so, you will not incur sin."
balance,9.25,"Chapter 9, Verse 25",Worshipers of the demigods go to the demigods; worshipers of the ancestors go to the ancestors; worshipers of ghosts and spirits go to such beings; and those who worship Me come to Me.
belonging,18.64,"Chapter 18, Verse 64","Because you are My very dear friend, I am speaking to you My supreme instruction, the most confidential knowledge of all. Hear this from Me, for it is for your benefit."
belonging,18.69,"Chapter 18, Verse 69","There is no servant in this world more dear to Me than he, nor will there ever be one more dear."
burnout,14.12,"Chapter 14, Verse 12","O chief of the Bharatas, when the mode of passion increases, the symptoms of greed, intense outward activity, the undertaking of selfish projects, severe restlessness, and uncontrollable craving devel"
burnout,14.16,"Chapter 14, Verse 16","The result of righteous action is said to be pure and in the mode of goodness. But action done in the mode of passion results in misery, and action performed in the mode of ignorance results in delusi"
burnout,14.7,"Chapter 14, Verse 7","O son of Kunti, know that the mode of passion is characterized by intense craving, born of unlimited desires and longings. It binds the embodied soul through attachment to the results of action."
burnout,15.7,"Chapter 15, Verse 7","The living entities in this conditioned world are My eternal fragmental parts. Due to conditioned life, they are struggling very hard with the six senses, which include the mind."
burnout,2.15,"Chapter 2, Verse 15","O best among men, the person who is not disturbed by happiness and distress and is steady in both is certainly eligible for liberation."
burnout,9.12,"Chapter 9, Verse 12","Those who are thus bewildered embrace a destructive and ignorant nature. In this deluded state, all their hopes, all their actions, and all their knowledge become entirely vain and meaningless."
burnout,9.21,"Chapter 9, Verse 21","Having enjoyed the vast heavenly realms, they return to the mortal world when their accumulated merit is exhausted. Thus, those who follow the rules of the three Vedas, driven by desires for material "
burnout,9.24,"Chapter 9, Verse 24",I am the sole enjoyer and the supreme Lord of all sacrifices. But those who do not recognize My true nature in reality fall down.
burnout,9.5,"Chapter 9, Verse 5","And yet, all created beings do not rest in Me. Behold My divine mystery! Although I am the creator and maintainer of all beings, My Self is not influenced by them or contained within them."
calmness,2.58,"Chapter 2, Verse 58","When a person withdraws their senses from sense objects just as a tortoise withdraws its limbs into its shell, that person's wisdom is firmly established."
calmness,2.61,"Chapter 2, Verse 61","One should restrain all the senses and remain steady with the mind focused on the higher purpose. For the person whose senses are under control, their wisdom becomes firmly established."
clarity,13.34,"Chapter 13, Verse 34","O son of Bharata, as the sun alone illuminates all this universe, so does the living entity, one within the body, illuminate the entire body by consciousness."
clarity,13.4,"Chapter 13, Verse 4","Now please hear in brief from Me what this field of activity is, what its nature is, what its changes are, where it comes from, who that knower of the field is, and what his influences are."
clarity,18.73,"Chapter 18, Verse 73","Arjuna said: My delusion is destroyed, and I have regained my memory through Your grace, O Infallible One. I am now firm, my doubts are gone, and I shall act according to Your word."
clarity,2.56,"Chapter 2, Verse 56","One whose mind is not disturbed in sorrow, who does not crave pleasure, and who is free from attachment, fear, and anger is called a sage of steady wisdom."
clarity,5.20,"Chapter 5, Verse 20","One who neither rejoices upon receiving something pleasant nor grieves upon receiving something unpleasant, who is of steady intelligence, unbewildered, and knows the Supreme, is already situated in t"
confusion,2.62,"Chapter 2, Verse 62","When a person constantly thinks about sense objects, attachment to them develops. From attachment arises desire, and from desire comes anger."
confusion,3.34,"Chapter 3, Verse 34","Attachment and aversion exist in relation to the objects of each sense. One should not come under their control, for they are obstacles on the path."
confusion,3.40,"Chapter 3, Verse 40","The senses, the mind, and the intellect are said to be the places where this desire resides. Through them, it covers knowledge and confuses the embodied person."
confusion,4.39,"Chapter 4, Verse 39","A person with faith, dedication, and control over the senses gains knowledge. Having attained that knowledge, one quickly achieves deep inner peace."
consistency,10.3,"Chapter 10, Verse 3","One who knows Me as unborn, without beginning, and as the supreme Lord of all worlds, such a person among mortals is free from delusion and is released from all sinful reactions."
consistency,12.2,"Chapter 12, Verse 2",The Supreme Lord said: Those who fix their minds on Me and constantly worship Me with deep faith are considered by Me to be the most perfectly united in yoga.
consistency,13.15,"Chapter 13, Verse 15","The Supreme Truth shines through the functions of all the senses, yet is devoid of the senses; He is unattached, yet supports everything; He is free from the modes of nature, yet is the experiencer of"
consistency,13.7,"Chapter 13, Verse 7","Desire, hatred, happiness, distress, the aggregate, the life symptoms, and convictions—all these are considered, in summary, to be the field of activities and its interactions."
consistency,14.10,"Chapter 14, Verse 10","Sometimes the mode of goodness becomes prominent, defeating the modes of passion and ignorance, O son of Bharata. Sometimes the mode of passion defeats goodness and ignorance, and at other times ignor"
consistency,15.3,"Chapter 15, Verse 3","The real form of this tree cannot be perceived in this world. No one can understand where it ends, where it begins, or where its foundation is. But with determination, one must cut down this strongly "
consistency,17.27,"Chapter 17, Verse 27","The state of steadfastness in sacrifice, penance and charity is also called 'Sat,' and any work performed for the sake of the Supreme is also designated as 'Sat.'"
consistency,18.5,"Chapter 18, Verse 5","Acts of sacrifice, charity and penance are not to be given up; they must be performed. Indeed, sacrifice, charity and penance purify even the great souls."
consistency,18.65,"Chapter 18, Verse 65","Always think of Me, become My devotee, worship Me and offer your homage unto Me. Thus you will come to Me without fail. I promise you this because you are My very dear friend."
consistency,2.14,"Chapter 2, Verse 14","O son of Kunti, the contact between the senses and their objects gives rise to fleeting perceptions of happiness and distress. These are non-permanent, coming and going like the winter and summer seas"
consistency,2.38,"Chapter 2, Verse 38","Treat pleasure and pain, gain and loss, victory and defeat alike. Then engage in battle. By doing so, you will not incur sin."
consistency,7.17,"Chapter 7, Verse 17","Of these, the one who is in full knowledge and who is always engaged in pure devotional service is the best. For I am very dear to him, and he is dear to Me."
consistency,7.28,"Chapter 7, Verse 28","Persons who have acted piously in previous lives and in this life and whose sinful actions are completely eradicated are freed from the dualities of delusion, and they engage themselves in My service "
consistency,8.14,"Chapter 8, Verse 14","For one who always remembers Me without deviation, I am easy to obtain, O son of Pritha, because of his constant engagement in devotional service."
consistency,8.22,"Chapter 8, Verse 22","The Supreme Personality of Godhead, who is greater than all, is attainable by unalloyed devotion. Although He is present in His abode, He is all-pervading, and everything is situated within Him."
consistency,9.12,"Chapter 9, Verse 12","Those who are thus bewildered embrace a destructive and ignorant nature. In this deluded state, all their hopes, all their actions, and all their knowledge become entirely vain and meaningless."
consistency,9.14,"Chapter 9, Verse 14","Always glorifying Me, striving with firm determination, and bowing down before Me, these great souls perpetually worship Me with devotion."
consistency,9.2,"Chapter 9, Verse 2","This knowledge is the king of education, the most profound secret, and the purest of all. It can be understood through direct experience, it is aligned with righteousness, it is everlasting, and it is"
consistency,9.3,"Chapter 9, Verse 3","O conqueror of enemies, persons who lack faith in this path of righteousness do not attain Me. Thus, they return to the continuous cycle of birth and death in this material world."
consistency,9.30,"Chapter 9, Verse 30","Even if a person of very improper conduct worships Me with exclusive devotion, he should be considered righteous, because he has made the correct determination."
consistency,9.31,"Chapter 9, Verse 31","He quickly becomes righteous and attains lasting peace. O son of Kunti, declare it boldly that My devotee never perishes."
courage,2.31,"Chapter 2, Verse 31","Furthermore, considering your own specific duty as a warrior, you should not waver. For a warrior, there is no greater good than fighting in a righteous war."
courage,2.33,"Chapter 2, Verse 33","If, however, you refuse to fight this righteous war, abandoning your own duty and reputation, you will certainly incur sin."
decision making,2.47,"Chapter 2, Verse 47","You have the right to perform your actions, but never to the results of those actions. Do not consider yourself the cause of the results of your work, and do not become attached to inaction."
decision making,3.30,"Chapter 3, Verse 30","Surrendering all your actions unto Me, with your mind focused on the highest self, free from desire and selfishness, fight without any mental fever."
decision making,3.35,"Chapter 3, Verse 35","It is better to perform one’s own duty imperfectly than to perform another’s duty perfectly. Even death in the course of one’s own duty is better, for following another’s path is dangerous."
depression,14.13,"Chapter 14, Verse 13","O son of Kuru, when the mode of ignorance increases, darkness, inactivity, negligence, and delusion are manifested."
detachment,10.11,"Chapter 10, Verse 11","Out of compassion for them, I dwell within their consciousness and destroy the darkness born of ignorance with the shining lamp of knowledge."
detachment,10.12,"Chapter 10, Verse 12","Arjuna said: You are the Supreme Reality, the supreme refuge, the purest, the eternal divine person, the original source of the gods, unborn and all-pervading."
detachment,10.14,"Chapter 10, Verse 14","O Krishna, I accept as true everything You have told me. Neither the gods nor the demons fully understand Your true nature."
detachment,10.3,"Chapter 10, Verse 3","One who knows Me as unborn, without beginning, and as the supreme Lord of all worlds, such a person among mortals is free from delusion and is released from all sinful reactions."
detachment,10.40,"Chapter 10, Verse 40","O mighty warrior, there is no end to My divine manifestations. What I have described to you is only a brief indication of their vastness."
detachment,10.5,"Chapter 10, Verse 5","Nonviolence, equality of vision, contentment, austerity, charity, fame and infamy all arise from Me in their various forms among living beings."
detachment,10.7,"Chapter 10, Verse 7",One who truly understands My divine manifestations and the power by which I sustain the universe becomes firmly established in spiritual union with Me. Of this there is no doubt.
detachment,10.9,"Chapter 10, Verse 9","With their minds fixed on Me and their lives devoted to Me, the wise enlighten one another and constantly speak about Me. In doing so, they experience satisfaction and deep joy."
detachment,11.1,"Chapter 11, Verse 1","Arjuna said: By Your grace You have spoken to me the supreme and confidential knowledge concerning the self. Through these words, my confusion has now been dispelled."
detachment,11.2,"Chapter 11, Verse 2","O lotus-eyed Krishna, I have heard from You in detail about the origin and dissolution of all beings, and also about Your imperishable greatness."
detachment,11.27,"Chapter 11, Verse 27",All the warriors rush into Your terrifying mouths with dreadful teeth. Some are seen trapped between Your teeth with their heads crushed to pieces.
detachment,11.29,"Chapter 11, Verse 29","Just as moths rush swiftly into a blazing fire to their destruction, so too all these people are rushing with great speed into Your mouths for their own destruction."
detachment,11.33,"Chapter 11, Verse 33","Therefore arise and gain glory. Conquer your enemies and enjoy a prosperous kingdom. These warriors have already been slain by Me. O skilled archer, you are merely an instrument in this process."
detachment,11.34,"Chapter 11, Verse 34","Drona, Bhishma, Jayadratha, Karna, and many other great warriors have already been slain by Me. Therefore defeat them and do not be disturbed. Fight, and you will conquer your enemies in battle."
detachment,11.43,"Chapter 11, Verse 43","You are the father of the entire universe, of all that moves and does not move. You are its most worthy object of worship and the greatest teacher. No one is equal to You, and how could anyone be grea"
detachment,11.44,"Chapter 11, Verse 44","Therefore, bowing down and prostrating my body before You, I seek Your grace, O worshipable Lord. Just as a father forgives a son, a friend forgives a friend, and a beloved forgives the beloved, O Lor"
detachment,11.54,"Chapter 11, Verse 54","But by undivided devotion, O Arjuna, I can truly be known, seen in reality, and entered into. Through such devotion one can understand Me as I am, O conqueror of enemies."
detachment,11.55,"Chapter 11, Verse 55","One who performs actions for Me, who regards Me as the supreme goal, who is devoted to Me, free from attachment, and free from hostility toward all beings, such a person comes to Me, O Arjuna."
detachment,12.10,"Chapter 12, Verse 10","If you are unable even to practice steady discipline, then dedicate your actions to Me. By performing actions for My sake, you will attain perfection."
detachment,12.11,"Chapter 12, Verse 11","If you are unable to act for My sake, then practice renouncing the results of all your actions with self-control."
detachment,12.12,"Chapter 12, Verse 12","Knowledge is better than mechanical practice, meditation is superior to knowledge, and renouncing the results of actions is greater than meditation. From such renunciation, peace immediately follows."
detachment,12.13,"Chapter 12, Verse 13","One who has no hatred toward any being, who is friendly and compassionate, free from possessiveness and ego, balanced in both happiness and distress, and forgiving in nature, is dear to Me."
detachment,12.16,"Chapter 12, Verse 16","One who is free from expectation, pure in conduct, skillful in action, impartial, free from anxiety, and who has renounced selfish undertakings, such a devotee is dear to Me."
detachment,12.17,"Chapter 12, Verse 17","One who neither becomes overly joyful nor hates, neither laments nor desires, and who has renounced attachment to both good and bad outcomes, such a devoted person is dear to Me."
detachment,12.18,"Chapter 12, Verse 18","One who remains equal toward friend and enemy, balanced in honor and dishonor, and steady in heat and cold, pleasure and pain, free from attachment, such a person is dear to Me."
detachment,12.19,"Chapter 12, Verse 19","One who regards praise and criticism equally, who is thoughtful and restrained in speech, content with whatever comes, unattached to fixed possessions or residence, steady in mind and devoted, such a "
detachment,12.20,"Chapter 12, Verse 20","Those who follow this path of righteous wisdom as described, with faith and with Me as their supreme goal, such devoted individuals are exceedingly dear to Me."
detachment,12.4,"Chapter 12, Verse 4","Those who control their senses, remain balanced in all situations, and are dedicated to the welfare of all beings also ultimately reach Me."
detachment,12.6,"Chapter 12, Verse 6","But those who dedicate all their actions to Me, who regard Me as their supreme goal, and who worship Me while meditating on Me with single-minded focus, follow a path of devotion."
detachment,13.10,"Chapter 13, Verse 10","Non-attachment, absence of entanglement with children, spouse, home, and the rest, and constant even-mindedness amid desirable and undesirable events."
detachment,13.2,"Chapter 13, Verse 2","The Supreme Lord said: This body, O son of Kunti, is called the field (kshetra), and one who knows this body is called the knower of the field (kshetrajna) by those who understand these things."
detachment,13.22,"Chapter 13, Verse 22",The living entity (Purusha) situated in material nature (Prakriti) thus experiences the qualities (gunas) born of material nature. It is this attachment to the modes of nature that is the cause of its
detachment,13.25,"Chapter 13, Verse 25","Some perceive the Supersoul within themselves through meditation, others through the cultivation of knowledge, and still others through working without fruitive desires."
detachment,13.7,"Chapter 13, Verse 7","Desire, hatred, happiness, distress, the aggregate, the life symptoms, and convictions—all these are considered, in summary, to be the field of activities and its interactions."
detachment,14.17,"Chapter 14, Verse 17","From the mode of goodness, real knowledge develops; from the mode of passion, greed develops; and from the mode of ignorance develop negligence, delusion, and foolishness."
detachment,14.22,"Chapter 14, Verse 22","The Supreme Lord said: O son of Pandu, one who does not hate illumination, activity, and delusion when they are present, nor longs for them when they disappear..."
detachment,14.24,"Chapter 14, Verse 24","One who is situated in the self and is equal in distress and happiness; who looks upon a clod of dirt, a stone, and a piece of gold with an equal eye; who is equal toward the desirable and the undesir"
detachment,14.25,"Chapter 14, Verse 25","One who is equal in honor and dishonor, who treats friend and foe alike, and who has renounced all ego-driven undertakings—such a person is said to have transcended the modes of nature."
detachment,14.6,"Chapter 14, Verse 6","Of these, the mode of goodness, being pure, is illuminating and free from disease. It binds the soul by attachment to happiness and attachment to knowledge, O sinless one."
detachment,14.7,"Chapter 14, Verse 7","O son of Kunti, know that the mode of passion is characterized by intense craving, born of unlimited desires and longings. It binds the embodied soul through attachment to the results of action."
detachment,15.1,"Chapter 15, Verse 1","The Supreme Lord said: They speak of an eternal ashvattha tree with its roots upward and branches downward, whose leaves are the Vedic hymns. One who knows this tree is the knower of the Vedas."
detachment,15.16,"Chapter 15, Verse 16","There are two classes of beings in this world: the perishable and the imperishable. All living entities in the material world are perishable, but the steadfast, unchanging reality is called imperishab"
detachment,15.2,"Chapter 15, Verse 2","The branches of this tree extend downward and upward, nourished by the three modes of material nature. The twigs are the objects of the senses. This tree also has roots going down, and these are bound"
detachment,15.3,"Chapter 15, Verse 3","The real form of this tree cannot be perceived in this world. No one can understand where it ends, where it begins, or where its foundation is. But with determination, one must cut down this strongly "
detachment,15.4,"Chapter 15, Verse 4","Then, one must seek that place from which, having gone, one never returns, and there surrender to that Supreme Primeval Person from whom everything has begun and from whom the eternal manifestation ha"
detachment,15.5,"Chapter 15, Verse 5","Those who are free from false prestige, illusion, and the fault of attachment, who are eternally situated in the understanding of the self, who are freed from selfish desires, and who are liberated fr"
detachment,17.21,"Chapter 17, Verse 21","But charity performed with the expectation of some return, or with a desire for fruits, or in a grudging mood, is said to be in the mode of passion."
detachment,17.5,"Chapter 17, Verse 5","Those who undergo severe austerities and penances not recommended in the scriptures, out of pride and egotism, who are impelled by lust and attachment..."
detachment,18.12,"Chapter 18, Verse 12","The threefold fruits of action—undesirable, desirable, and mixed—accrue after death to those who are attached to the results. But for those who have renounced the fruits of action, there are no such c"
detachment,18.13,"Chapter 18, Verse 13","O mighty-armed Arjuna, learn from Me the five factors for the accomplishment of all actions, as declared in the Sankhya philosophy, which is the ultimate conclusion of all action."
detachment,18.22,"Chapter 18, Verse 22","And that knowledge which is blindly attached to one single activity or concept as if it were everything, without reason, devoid of truth, and which is very narrow and meager, is declared to be in the "
detachment,18.23,"Chapter 18, Verse 23","That action which is regulated and performed without attachment, without love or hatred, and without desire for fruitive results is said to be in the mode of goodness (Sattvic)."
detachment,18.26,"Chapter 18, Verse 26","The worker who is free from all material attachments and false ego, who is endowed with great enthusiasm and determination, and who is unperturbed in success or failure, is said to be a worker in the "
detachment,18.34,"Chapter 18, Verse 34","But that determination by which one holds fast to duty, pleasure, and wealth, desiring the fruits of actions out of intense attachment, O Partha, is in the mode of passion (Rajasic)."
detachment,18.48,"Chapter 18, Verse 48","One should not abandon the work they were born to do, O son of Kunti, even if it is faulty; for all undertakings are covered by some fault, just as fire is covered by smoke."
detachment,18.50,"Chapter 18, Verse 50","Learn from Me in brief, O son of Kunti, how one who has attained this perfection can reach the supreme state of Brahman, the highest stage of knowledge."
detachment,18.51,"Chapter 18, Verse 51","Being purified by intelligence and controlling the mind with determination, giving up the objects of sense gratification, and casting aside attachment and hatred..."
detachment,18.53,"Chapter 18, Verse 53","One who has abandoned false ego, false strength, arrogance, desire, anger, and possessiveness—who is free from the notion of 'mine' and is peaceful—is fit for realizing the Supreme (Brahman)."
detachment,18.54,"Chapter 18, Verse 54",One who is thus transcendentally situated at once realizes the Supreme Brahman and becomes fully joyful. He never laments or desires to have anything. He is equally disposed toward every living entity
detachment,18.58,"Chapter 18, Verse 58","If you become conscious of Me, you will pass over all the obstacles of life by My grace. If, however, you do not act in such consciousness but act through false ego, not hearing Me, you will be lost."
detachment,18.6,"Chapter 18, Verse 6","All these activities should be performed without attachment or any expectation of result. They should be performed as a matter of duty, O son of Pritha. That is My final and supreme opinion."
detachment,18.9,"Chapter 18, Verse 9","O Arjuna, when one performs their prescribed duty simply because it ought to be done, renouncing all attachment to the action and its fruit, that renunciation is considered to be in the mode of goodne"
detachment,2.47,"Chapter 2, Verse 47","You have the right to perform your actions, but never to the results of those actions. Do not consider yourself the cause of the results of your work, and do not become attached to inaction."
detachment,3.25,"Chapter 3, Verse 25","As the ignorant perform their duties with attachment to results, O descendant of Bharata, the wise should act with the same zeal, but without attachment, for the sake of leading people on the right pa"
detachment,3.26,"Chapter 3, Verse 26","The wise should not create conflict in the minds of the ignorant who are attached to the results of their actions. Rather, by performing their own duties with discipline and devotion, the wise should "
detachment,3.30,"Chapter 3, Verse 30","Surrendering all your actions unto Me, with your mind focused on the highest self, free from desire and selfishness, fight without any mental fever."
detachment,3.35,"Chapter 3, Verse 35","It is better to perform one’s own duty imperfectly than to perform another’s duty perfectly. Even death in the course of one’s own duty is better, for following another’s path is dangerous."
detachment,4.41,"Chapter 4, Verse 41","O Dhananjaya, actions do not bind the one who has renounced actions through yoga, whose doubts have been cut by knowledge, and who is established in self-awareness."
detachment,6.35,"Chapter 6, Verse 35","The Blessed Lord said: O mighty-armed Arjuna, the mind is indeed restless and difficult to control, but it can be restrained through practice and detachment."
detachment,7.1,"Chapter 7, Verse 1","The Supreme Lord said: Now hear, O son of Pritha, how by practicing yoga with your mind fully attached to Me, and taking exclusive refuge in Me, you can know Me completely, free from all doubt."
detachment,7.10,"Chapter 7, Verse 10","O son of Pritha, know that I am the original seed of all existences, the intelligence of the intelligent, and the prowess of all powerful men."
detachment,7.11,"Chapter 7, Verse 11","I am the strength of the strong, devoid of passion and desire. I am sex life which is not contrary to religious principles, O Lord of the Bharatas (Arjuna)."
detachment,7.12,"Chapter 7, Verse 12","Know that all states of being—be they of goodness, passion or ignorance—are manifested by My energy. I am, in one sense, everything, but I am independent. I am not under the modes of material nature, "
detachment,7.13,"Chapter 7, Verse 13","Deluded by the three modes (goodness, passion and ignorance), the whole world does not know Me, who am above the modes and inexhaustible."
detachment,7.14,"Chapter 7, Verse 14","This divine energy of Mine, consisting of the three modes of material nature, is difficult to overcome. But those who have surrendered unto Me can easily cross beyond it."
detachment,7.15,"Chapter 7, Verse 15","Those miscreants who are grossly foolish, who are lowest among mankind, whose knowledge is stolen by illusion, and who partake of the atheistic nature of demons do not surrender unto Me."
detachment,7.16,"Chapter 7, Verse 16","O best among the Bharatas, four kinds of pious men begin to render devotional service unto Me—the distressed, the desirer of wealth, the inquisitive, and he who is searching for knowledge of the Absol"
detachment,7.17,"Chapter 7, Verse 17","Of these, the one who is in full knowledge and who is always engaged in pure devotional service is the best. For I am very dear to him, and he is dear to Me."
detachment,7.18,"Chapter 7, Verse 18","All these devotees are undoubtedly magnanimous, but he who is situated in knowledge of Me I consider to be just like My own self. Being engaged in My transcendental service, he is sure to attain Me, t"
detachment,7.19,"Chapter 7, Verse 19","After many births and deaths, he who is actually in knowledge surrenders unto Me, knowing Me to be the cause of all causes and all that is. Such a great soul is very rare."
detachment,7.2,"Chapter 7, Verse 2","I shall now declare unto you in full this knowledge, both phenomenal (theoretical) and numinous (experiential). Once this is known, absolutely nothing further remains to be known in this world."
detachment,7.20,"Chapter 7, Verse 20",Those whose intelligence has been stolen by material desires surrender unto demigods and follow the particular rules and regulations of worship according to their own natures.
detachment,7.21,"Chapter 7, Verse 21","Whatever celestial form a devotee chooses to worship with faith, I stabilize the faith of that particular devotee in that very form."
detachment,7.22,"Chapter 7, Verse 22","Endowed with such faith, he endeavors to worship a particular demigod and obtains his desires. But in actuality these benefits are bestowed by Me alone."
detachment,7.23,"Chapter 7, Verse 23","Men of small intelligence worship the demigods, and their fruits are limited and temporary. Those who worship the demigods go to the planets of the demigods, but My devotees ultimately reach My suprem"
detachment,7.24,"Chapter 7, Verse 24","Unintelligent men, who do not know Me perfectly, think that I, the Supreme Personality of Godhead, Krishna, was impersonal before and have now assumed this personality. Due to their small knowledge, t"
detachment,7.25,"Chapter 7, Verse 25","I am never manifest to the foolish and unintelligent. For them I am covered by My internal potency, and therefore they do not know that I am unborn and infallible."
detachment,7.26,"Chapter 7, Verse 26","O Arjuna, as the Supreme Personality of Godhead, I know everything that has happened in the past, all that is happening in the present, and all things that are yet to come. I also know all living enti"
detachment,7.27,"Chapter 7, Verse 27","O scion of Bharata, O conqueror of the foe, all living entities are born into delusion, bewildered by dualities arisen from desire and hate."
detachment,7.28,"Chapter 7, Verse 28","Persons who have acted piously in previous lives and in this life and whose sinful actions are completely eradicated are freed from the dualities of delusion, and they engage themselves in My service "
detachment,7.29,"Chapter 7, Verse 29",Intelligent persons who are endeavoring for liberation from old age and death take refuge in Me in devotional service. They are actually Brahman because they entirely know everything about transcenden
detachment,7.3,"Chapter 7, Verse 3","Out of many thousands of people, hardly one strives for perfection; and of those who have achieved perfection, hardly one knows Me in truth."
detachment,7.30,"Chapter 7, Verse 30","Those in full consciousness of Me, who know Me, the Supreme Lord, to be the governing principle of the material manifestation, of the demigods, and of all methods of sacrifice, can understand and know"
detachment,7.4,"Chapter 7, Verse 4","Earth, water, fire, air, ether, mind, intelligence, and false ego—all together these eight constitute My separated material energies."
detachment,7.5,"Chapter 7, Verse 5","Besides this lower, material nature, O mighty-armed Arjuna, understand My superior nature, which consists of the living entities (conscious souls) by whom this entire material world is sustained and a"
detachment,7.6,"Chapter 7, Verse 6",Know that all living beings have their source in these two natures (material and spiritual). I am the origin and the dissolution of the entire universe.
detachment,7.7,"Chapter 7, Verse 7","O conqueror of wealth, there is no truth superior to Me. Everything rests upon Me, as pearls are strung on a thread."
detachment,7.8,"Chapter 7, Verse 8","O son of Kunti, I am the taste of water, the light of the sun and the moon, the syllable Om in the Vedic mantras; I am the sound in ether and ability in man."
detachment,7.9,"Chapter 7, Verse 9","I am the original fragrance of the earth, and I am the heat in fire. I am the life of all that lives, and I am the penances of all ascetics."
detachment,8.1,"Chapter 8, Verse 1","Arjuna inquired: O my Lord, O Supreme Person, what is Brahman? What is the self (adhyatma)? What are fruitive activities (karma)? What is this material manifestation (adhibhuta)? And what are the demi"
detachment,8.10,"Chapter 8, Verse 10","One who, at the time of death, fixes his life air between the eyebrows and, by the strength of yoga, with an undeviating mind, engages himself in remembering the Supreme Lord in full devotion, will ce"
detachment,8.11,"Chapter 8, Verse 11","Persons who are learned in the Vedas, who utter omkara and who are great sages in the renounced order enter into Brahman. Desiring such perfection, one practices celibacy. I shall now briefly explain "
detachment,8.12,"Chapter 8, Verse 12","The yogic situation is that of detachment from all sensual engagements. Closing all the doors of the senses and fixing the mind on the heart and the life air at the top of the head, one establishes hi"
detachment,8.13,"Chapter 8, Verse 13","After being situated in this yoga practice and vibrating the sacred syllable om, the supreme combination of letters, if one thinks of the Supreme Personality of Godhead and quits his body, he will cer"
detachment,8.14,"Chapter 8, Verse 14","For one who always remembers Me without deviation, I am easy to obtain, O son of Pritha, because of his constant engagement in devotional service."
detachment,8.15,"Chapter 8, Verse 15","After attaining Me, the great souls, who are yogis in devotion, never return to this temporary world, which is full of miseries, because they have attained the highest perfection."
detachment,8.16,"Chapter 8, Verse 16","From the highest planet in the material world down to the lowest, all are places of misery wherein repeated birth and death take place. But one who attains to My abode, O son of Kunti, never takes bir"
detachment,8.17,"Chapter 8, Verse 17","By human calculation, a thousand ages taken together form the duration of Brahma's one day. And such also is the duration of his night."
detachment,8.18,"Chapter 8, Verse 18","At the beginning of Brahma's day, all living entities become manifest from the unmanifest state, and thereafter, when the night falls, they are merged into the unmanifest again."
detachment,8.19,"Chapter 8, Verse 19","Again and again, when Brahma's day arrives, all living entities come into being, and with the arrival of Brahma's night they are helplessly annihilated."
detachment,8.2,"Chapter 8, Verse 2","Who is the Lord of sacrifice, and how does He live in the body, O Madhusudana? And how can those engaged in devotional service know You at the time of death?"
detachment,8.20,"Chapter 8, Verse 20","Yet there is another unmanifest nature, which is eternal and is transcendental to this manifested and unmanifested matter. It is supreme and is never annihilated. When all in this world is annihilated"
detachment,8.21,"Chapter 8, Verse 21","That which the Vedantists describe as unmanifest and infallible, that which is known as the supreme destination, that place from which, having attained it, one never returns—that is My supreme abode."
detachment,8.22,"Chapter 8, Verse 22","The Supreme Personality of Godhead, who is greater than all, is attainable by unalloyed devotion. Although He is present in His abode, He is all-pervading, and everything is situated within Him."
detachment,8.23,"Chapter 8, Verse 23","O best of the Bharatas, I shall now explain to you the different times at which, passing away from this world, the yogi does or does not come back."
detachment,8.24,"Chapter 8, Verse 24","Those who know the Supreme Brahman attain that Supreme by passing away from the world during the influence of the fiery god, in the light, at an auspicious moment of the day, during the fortnight of t"
detachment,8.25,"Chapter 8, Verse 25","The mystic who passes away from this world during the smoke, the night, the fortnight of the waning moon, or the six months when the sun passes to the south reaches the moon planet but again comes bac"
detachment,8.26,"Chapter 8, Verse 26","According to Vedic opinion, there are two ways of passing from this world—one in light and one in darkness. When one passes in light, he does not come back; but when one passes in darkness, he returns"
detachment,8.27,"Chapter 8, Verse 27","Although the devotees know these two paths, O Arjuna, they are never bewildered. Therefore, be always fixed in devotion."
detachment,8.28,"Chapter 8, Verse 28","A person who accepts the path of devotional service is not bereft of the results derived from studying the Vedas, performing austere sacrifices, giving charity or pursuing philosophical and fruitive a"
detachment,8.3,"Chapter 8, Verse 3","The Supreme Personality of Godhead said: The indestructible, transcendental living entity is called Brahman, and his eternal nature is called adhyatma, the self. Action pertaining to the development o"
detachment,8.4,"Chapter 8, Verse 4","O best of the embodied beings, the physical nature, which is constantly changing, is called adhibhuta [the material manifestation]. The universal form of the Lord, which includes all the demigods, lik"
detachment,8.5,"Chapter 8, Verse 5","And whoever, at the end of his life, quits his body remembering Me alone at once attains My nature. Of this there is no doubt."
detachment,8.6,"Chapter 8, Verse 6","Whatever state of being one remembers when he quits his body, O son of Kunti, that state he will attain without fail."
detachment,8.7,"Chapter 8, Verse 7","Therefore, Arjuna, you should always think of Me in the form of Krishna and at the same time carry out your prescribed duty of fighting. With your activities dedicated to Me and your mind and intellig"
detachment,8.8,"Chapter 8, Verse 8","He who meditates on Me as the Supreme Personality of Godhead, his mind constantly engaged in remembering Me, undeviated from the path, he, O Partha, is sure to reach Me."
detachment,8.9,"Chapter 8, Verse 9","One should meditate upon the Supreme Person as the one who knows everything, as He who is the oldest, who is the controller, who is smaller than the smallest, who is the maintainer of everything, who "
detachment,9.23,"Chapter 9, Verse 23","O son of Kunti, even those who are devotees of other gods and worship them with faith actually worship only Me, but they do so by a wrong method."
detachment,9.25,"Chapter 9, Verse 25",Worshipers of the demigods go to the demigods; worshipers of the ancestors go to the ancestors; worshipers of ghosts and spirits go to such beings; and those who worship Me come to Me.
detachment,9.29,"Chapter 9, Verse 29","I am equal to all living beings. No one is hateful to Me and no one is especially dear to Me. But those who worship Me with devotion live in Me, and I also live in them."
detachment,9.33,"Chapter 9, Verse 33","What then can be said of the righteous brahmanas and devoted royal sages. Therefore, having come into this temporary and joyless world, engage in devotion to Me."
detachment,9.34,"Chapter 9, Verse 34","Fix your mind on Me, become My devotee, worship Me, and offer your respect to Me. In this way, with your mind fully absorbed in Me and devoted to Me as the supreme goal, you will come to Me."
detachment,9.5,"Chapter 9, Verse 5","And yet, all created beings do not rest in Me. Behold My divine mystery! Although I am the creator and maintainer of all beings, My Self is not influenced by them or contained within them."
detachment,9.8,"Chapter 9, Verse 8","Entering into My own material nature, I repeatedly create this entire multitude of beings, who are completely helpless under the control of material nature."
detachment,9.9,"Chapter 9, Verse 9","O conqueror of wealth (Arjuna), these actions do not bind Me, for I remain situated as if neutral and completely unattached to these activities."
devotion,14.26,"Chapter 14, Verse 26",And one who serves Me with unswerving devotion transcends these three modes of nature and becomes eligible to attain the level of the Supreme.
devotion,2.49,"Chapter 2, Verse 49","Action driven by selfish desire for results is far inferior to action performed with the guidance of wisdom, O Dhananjaya. Therefore seek refuge in this wisdom. Those who act only for the fruits of th"
devotion,2.50,"Chapter 2, Verse 50",A person who is united with wisdom frees themselves from both good and bad results in this life. Therefore dedicate yourself to yoga. Yoga is skill in action.
devotion,2.51,"Chapter 2, Verse 51","The wise, equipped with understanding, abandon attachment to the results of their actions. By doing so, they become free from the bondage of repeated consequences and attain a state beyond suffering."
devotion,3.26,"Chapter 3, Verse 26","The wise should not create conflict in the minds of the ignorant who are attached to the results of their actions. Rather, by performing their own duties with discipline and devotion, the wise should "
devotion,3.7,"Chapter 3, Verse 7","But one who controls the senses by the mind, O Arjuna, and engages the organs of action in Karma-yoga without attachment, is far superior."
devotion,3.9,"Chapter 3, Verse 9","Work must be performed as a sacrifice (Yajna), otherwise all actions cause bondage in this world. Therefore, O son of Kunti, perform your duties for that purpose, completely free from attachment."
devotion,5.2,"Chapter 5, Verse 2","The Supreme Lord said: Both the renunciation of action and the yoga of action lead to ultimate liberation. But of the two, the yoga of action is superior to the renunciation of action."
devotion,5.6,"Chapter 5, Verse 6","But mere renunciation of activities, O mighty-armed one, is difficult to achieve and brings misery without the practice of detached action. A thoughtful person engaged in the yoga of action achieves t"
devotion,5.7,"Chapter 5, Verse 7","One who is engaged in the yoga of detached action, whose mind is purified, who has controlled the mind and senses, and who sees their own self as the self in all beings, is never entangled even while "
devotion,6.47,"Chapter 6, Verse 47","Among all yogis, the one who, with inner faith, remains deeply connected to Me and worships Me with devotion is considered by Me to be the most united in yoga."
dharma,10.8,"Chapter 10, Verse 8","I am the source of everything, and from Me all creation proceeds. Knowing this, the wise worship Me with deep devotion and understanding."
dharma,11.2,"Chapter 11, Verse 2","O lotus-eyed Krishna, I have heard from You in detail about the origin and dissolution of all beings, and also about Your imperishable greatness."
dharma,11.33,"Chapter 11, Verse 33","Therefore arise and gain glory. Conquer your enemies and enjoy a prosperous kingdom. These warriors have already been slain by Me. O skilled archer, you are merely an instrument in this process."
dharma,11.34,"Chapter 11, Verse 34","Drona, Bhishma, Jayadratha, Karna, and many other great warriors have already been slain by Me. Therefore defeat them and do not be disturbed. Fight, and you will conquer your enemies in battle."
dharma,11.54,"Chapter 11, Verse 54","But by undivided devotion, O Arjuna, I can truly be known, seen in reality, and entered into. Through such devotion one can understand Me as I am, O conqueror of enemies."
dharma,11.55,"Chapter 11, Verse 55","One who performs actions for Me, who regards Me as the supreme goal, who is devoted to Me, free from attachment, and free from hostility toward all beings, such a person comes to Me, O Arjuna."
dharma,12.16,"Chapter 12, Verse 16","One who is free from expectation, pure in conduct, skillful in action, impartial, free from anxiety, and who has renounced selfish undertakings, such a devotee is dear to Me."
dharma,12.2,"Chapter 12, Verse 2",The Supreme Lord said: Those who fix their minds on Me and constantly worship Me with deep faith are considered by Me to be the most perfectly united in yoga.
dharma,12.6,"Chapter 12, Verse 6","But those who dedicate all their actions to Me, who regard Me as their supreme goal, and who worship Me while meditating on Me with single-minded focus, follow a path of devotion."
dharma,13.25,"Chapter 13, Verse 25","Some perceive the Supersoul within themselves through meditation, others through the cultivation of knowledge, and still others through working without fruitive desires."
dharma,13.35,"Chapter 13, Verse 35","Those who see with eyes of knowledge the difference between the body and the knower of the body, and who can also understand the process of liberation from bondage in material nature, attain to the su"
dharma,15.20,"Chapter 15, Verse 20","This most confidential part of the revealed scriptures has been disclosed by Me, O sinless one. Whoever understands this will become wise, and his endeavors will know perfection."
dharma,17.12,"Chapter 17, Verse 12","O chief of the Bharatas, know that the sacrifice performed with an eye on the fruit, and for the sake of pride, is of the nature of passion."
dharma,17.21,"Chapter 17, Verse 21","But charity performed with the expectation of some return, or with a desire for fruits, or in a grudging mood, is said to be in the mode of passion."
dharma,18.11,"Chapter 18, Verse 11",It is indeed impossible for an embodied being to give up all activities completely. But one who renounces the fruits of action is called a true renouncer.
dharma,18.15,"Chapter 18, Verse 15","Whatever right or wrong action a man performs by body, mind or speech, is caused by these five factors."
dharma,18.17,"Chapter 18, Verse 17","One who is free from the ego of being the doer, and whose intelligence is not entangled, even though he may slay all these people, he does not kill, nor is he bound by the consequences of the action."
dharma,18.18,"Chapter 18, Verse 18","Knowledge, the object of knowledge, and the knower—these three are the motivating forces of action. The instrument, the action, and the doer—these three are the constituents of action."
dharma,18.19,"Chapter 18, Verse 19","According to the three different modes of material nature, there are three kinds of knowledge, action, and performer of action. Now hear of them from Me."
dharma,18.27,"Chapter 18, Verse 27","The worker who is attached to work and the fruits of work, desiring to enjoy those fruits, and who is greedy, always envious, impure, and moved by joy and sorrow, is said to be a worker in the mode of"
dharma,18.34,"Chapter 18, Verse 34","But that determination by which one holds fast to duty, pleasure, and wealth, desiring the fruits of actions out of intense attachment, O Partha, is in the mode of passion (Rajasic)."
dharma,18.38,"Chapter 18, Verse 38",That happiness which is derived from the contact of the senses with their objects and which appears like nectar at first but poison at the end is said to be in the mode of passion (Rajasic).
dharma,18.39,"Chapter 18, Verse 39","That happiness which is blind to self-realization, which is delusion from beginning to end and which arises from sleep, laziness and illusion is said to be of the nature of ignorance (Tamasic)."
dharma,18.5,"Chapter 18, Verse 5","Acts of sacrifice, charity and penance are not to be given up; they must be performed. Indeed, sacrifice, charity and penance purify even the great souls."
dharma,18.54,"Chapter 18, Verse 54",One who is thus transcendentally situated at once realizes the Supreme Brahman and becomes fully joyful. He never laments or desires to have anything. He is equally disposed toward every living entity
dharma,18.7,"Chapter 18, Verse 7","Prescribed duties should never be renounced. If one gives up his prescribed duties because of illusion, such renunciation is said to be in the mode of ignorance."
dharma,7.11,"Chapter 7, Verse 11","I am the strength of the strong, devoid of passion and desire. I am sex life which is not contrary to religious principles, O Lord of the Bharatas (Arjuna)."
dharma,7.17,"Chapter 7, Verse 17","Of these, the one who is in full knowledge and who is always engaged in pure devotional service is the best. For I am very dear to him, and he is dear to Me."
dharma,7.18,"Chapter 7, Verse 18","All these devotees are undoubtedly magnanimous, but he who is situated in knowledge of Me I consider to be just like My own self. Being engaged in My transcendental service, he is sure to attain Me, t"
dharma,7.20,"Chapter 7, Verse 20",Those whose intelligence has been stolen by material desires surrender unto demigods and follow the particular rules and regulations of worship according to their own natures.
dharma,7.28,"Chapter 7, Verse 28","Persons who have acted piously in previous lives and in this life and whose sinful actions are completely eradicated are freed from the dualities of delusion, and they engage themselves in My service "
dharma,8.12,"Chapter 8, Verse 12","The yogic situation is that of detachment from all sensual engagements. Closing all the doors of the senses and fixing the mind on the heart and the life air at the top of the head, one establishes hi"
dharma,8.22,"Chapter 8, Verse 22","The Supreme Personality of Godhead, who is greater than all, is attainable by unalloyed devotion. Although He is present in His abode, He is all-pervading, and everything is situated within Him."
dharma,9.13,"Chapter 9, Verse 13","O son of Pritha, the great souls, who take shelter of the divine nature, worship Me with an unswerving mind, knowing Me to be the original and inexhaustible source of all beings."
dharma,9.16,"Chapter 9, Verse 16","I am the ritual, I am the sacrifice, I am the offering to the ancestors, I am the healing herb, I am the mantra. I am the clarified butter, I am the fire, and I am the act of offering."
dharma,9.20,"Chapter 9, Verse 20","Those who study the three Vedas and drink the Soma juice, seeking purification from sin, worship Me through sacrifices to attain the heavenly planets. Having reached the pious world of Indra, they enj"
dharma,9.24,"Chapter 9, Verse 24",I am the sole enjoyer and the supreme Lord of all sacrifices. But those who do not recognize My true nature in reality fall down.
dharma,9.27,"Chapter 9, Verse 27","Whatever you do, whatever you eat, whatever you offer in sacrifice, whatever you give in charity, and whatever austerity you perform, O son of Kunti, do that as an offering unto Me."
dharma,9.34,"Chapter 9, Verse 34","Fix your mind on Me, become My devotee, worship Me, and offer your respect to Me. In this way, with your mind fully absorbed in Me and devoted to Me as the supreme goal, you will come to Me."
discipline,2.31,"Chapter 2, Verse 31","Furthermore, considering your own specific duty as a warrior, you should not waver. For a warrior, there is no greater good than fighting in a righteous war."
discipline,2.33,"Chapter 2, Verse 33","If, however, you refuse to fight this righteous war, abandoning your own duty and reputation, you will certainly incur sin."
discipline,9.14,"Chapter 9, Verse 14","Always glorifying Me, striving with firm determination, and bowing down before Me, these great souls perpetually worship Me with devotion."
distraction,2.15,"Chapter 2, Verse 15","O best among men, the person who is not disturbed by happiness and distress and is steady in both is certainly eligible for liberation."
distraction,2.3,"Chapter 2, Verse 3","O Partha, do not give in to this weakness. It does not suit you. Give up this petty faint-heartedness and arise, O conqueror of enemies."
distraction,2.38,"Chapter 2, Verse 38","Treat pleasure and pain, gain and loss, victory and defeat alike. Then engage in battle. By doing so, you will not incur sin."
distraction,2.42,"Chapter 2, Verse 42","O Partha, those who lack true understanding speak attractive, flowery words. They are devoted to the literal interpretations of the Vedas and claim that there is nothing beyond these promises."
distraction,2.43,"Chapter 2, Verse 43","Their minds are filled with desires and they seek heavenly pleasures. They promote elaborate rituals that promise good birth and the results of actions, all aimed at gaining enjoyment and power."
distraction,2.67,"Chapter 2, Verse 67","When the mind follows the wandering senses, it carries away a person's wisdom, just as the wind sweeps a boat away on the water."
duty,10.8,"Chapter 10, Verse 8","I am the source of everything, and from Me all creation proceeds. Knowing this, the wise worship Me with deep devotion and understanding."
duty,11.2,"Chapter 11, Verse 2","O lotus-eyed Krishna, I have heard from You in detail about the origin and dissolution of all beings, and also about Your imperishable greatness."
duty,11.33,"Chapter 11, Verse 33","Therefore arise and gain glory. Conquer your enemies and enjoy a prosperous kingdom. These warriors have already been slain by Me. O skilled archer, you are merely an instrument in this process."
duty,11.34,"Chapter 11, Verse 34","Drona, Bhishma, Jayadratha, Karna, and many other great warriors have already been slain by Me. Therefore defeat them and do not be disturbed. Fight, and you will conquer your enemies in battle."
duty,11.54,"Chapter 11, Verse 54","But by undivided devotion, O Arjuna, I can truly be known, seen in reality, and entered into. Through such devotion one can understand Me as I am, O conqueror of enemies."
duty,11.55,"Chapter 11, Verse 55","One who performs actions for Me, who regards Me as the supreme goal, who is devoted to Me, free from attachment, and free from hostility toward all beings, such a person comes to Me, O Arjuna."
duty,12.16,"Chapter 12, Verse 16","One who is free from expectation, pure in conduct, skillful in action, impartial, free from anxiety, and who has renounced selfish undertakings, such a devotee is dear to Me."
duty,12.2,"Chapter 12, Verse 2",The Supreme Lord said: Those who fix their minds on Me and constantly worship Me with deep faith are considered by Me to be the most perfectly united in yoga.
duty,12.6,"Chapter 12, Verse 6","But those who dedicate all their actions to Me, who regard Me as their supreme goal, and who worship Me while meditating on Me with single-minded focus, follow a path of devotion."
duty,13.25,"Chapter 13, Verse 25","Some perceive the Supersoul within themselves through meditation, others through the cultivation of knowledge, and still others through working without fruitive desires."
duty,13.35,"Chapter 13, Verse 35","Those who see with eyes of knowledge the difference between the body and the knower of the body, and who can also understand the process of liberation from bondage in material nature, attain to the su"
duty,15.20,"Chapter 15, Verse 20","This most confidential part of the revealed scriptures has been disclosed by Me, O sinless one. Whoever understands this will become wise, and his endeavors will know perfection."
duty,17.11,"Chapter 17, Verse 11","Of sacrifices, the sacrifice performed according to the directions of scripture, as a matter of duty, by those who desire no reward, is of the nature of goodness."
duty,17.12,"Chapter 17, Verse 12","O chief of the Bharatas, know that the sacrifice performed with an eye on the fruit, and for the sake of pride, is of the nature of passion."
duty,17.21,"Chapter 17, Verse 21","But charity performed with the expectation of some return, or with a desire for fruits, or in a grudging mood, is said to be in the mode of passion."
duty,18.11,"Chapter 18, Verse 11",It is indeed impossible for an embodied being to give up all activities completely. But one who renounces the fruits of action is called a true renouncer.
duty,18.15,"Chapter 18, Verse 15","Whatever right or wrong action a man performs by body, mind or speech, is caused by these five factors."
duty,18.17,"Chapter 18, Verse 17","One who is free from the ego of being the doer, and whose intelligence is not entangled, even though he may slay all these people, he does not kill, nor is he bound by the consequences of the action."
duty,18.18,"Chapter 18, Verse 18","Knowledge, the object of knowledge, and the knower—these three are the motivating forces of action. The instrument, the action, and the doer—these three are the constituents of action."
duty,18.19,"Chapter 18, Verse 19","According to the three different modes of material nature, there are three kinds of knowledge, action, and performer of action. Now hear of them from Me."
duty,18.27,"Chapter 18, Verse 27","The worker who is attached to work and the fruits of work, desiring to enjoy those fruits, and who is greedy, always envious, impure, and moved by joy and sorrow, is said to be a worker in the mode of"
duty,18.34,"Chapter 18, Verse 34","But that determination by which one holds fast to duty, pleasure, and wealth, desiring the fruits of actions out of intense attachment, O Partha, is in the mode of passion (Rajasic)."
duty,18.38,"Chapter 18, Verse 38",That happiness which is derived from the contact of the senses with their objects and which appears like nectar at first but poison at the end is said to be in the mode of passion (Rajasic).
duty,18.39,"Chapter 18, Verse 39","That happiness which is blind to self-realization, which is delusion from beginning to end and which arises from sleep, laziness and illusion is said to be of the nature of ignorance (Tamasic)."
duty,18.5,"Chapter 18, Verse 5","Acts of sacrifice, charity and penance are not to be given up; they must be performed. Indeed, sacrifice, charity and penance purify even the great souls."
duty,18.54,"Chapter 18, Verse 54",One who is thus transcendentally situated at once realizes the Supreme Brahman and becomes fully joyful. He never laments or desires to have anything. He is equally disposed toward every living entity
duty,18.6,"Chapter 18, Verse 6","All these activities should be performed without attachment or any expectation of result. They should be performed as a matter of duty, O son of Pritha. That is My final and supreme opinion."
duty,18.7,"Chapter 18, Verse 7","Prescribed duties should never be renounced. If one gives up his prescribed duties because of illusion, such renunciation is said to be in the mode of ignorance."
duty,2.17,"Chapter 2, Verse 17",Know that which pervades the entire body to be indestructible. No one is able to destroy that imperishable soul.
duty,2.27,"Chapter 2, Verse 27","For one who is born, death is certain; and for one who dies, birth is certain. Therefore, over this unavoidable reality, you should not lament."
duty,2.30,"Chapter 2, Verse 30","O descendant of Bharata, the soul that dwells within the body of all beings is eternally indestructible. Therefore, you should not grieve for any creature."
duty,2.31,"Chapter 2, Verse 31","Furthermore, considering your own specific duty as a warrior, you should not waver. For a warrior, there is no greater good than fighting in a righteous war."
duty,2.33,"Chapter 2, Verse 33","If, however, you refuse to fight this righteous war, abandoning your own duty and reputation, you will certainly incur sin."
duty,2.47,"Chapter 2, Verse 47","You have the right to perform your actions, but never to the results of those actions. Do not consider yourself the cause of the results of your work, and do not become attached to inaction."
duty,2.47,"Chapter 2, Verse 47","You have the right to perform your actions, but never to the results of those actions. Do not consider yourself the cause of the results of your work, and do not become attached to inaction."
duty,3.19,"Chapter 3, Verse 19","Therefore, without attachment, always perform your prescribed duty. For by performing action without attachment, a person attains the Supreme."
duty,3.20,"Chapter 3, Verse 20","Kings like Janaka and others attained perfection solely by the performance of their prescribed duties. Therefore, just for the sake of setting a proper example for the welfare of the world, you should"
duty,3.25,"Chapter 3, Verse 25","As the ignorant perform their duties with attachment to results, O descendant of Bharata, the wise should act with the same zeal, but without attachment, for the sake of leading people on the right pa"
duty,3.26,"Chapter 3, Verse 26","The wise should not create conflict in the minds of the ignorant who are attached to the results of their actions. Rather, by performing their own duties with discipline and devotion, the wise should "
duty,3.30,"Chapter 3, Verse 30","Surrendering all your actions unto Me, with your mind focused on the highest self, free from desire and selfishness, fight without any mental fever."
duty,3.30,"Chapter 3, Verse 30","Surrendering all your actions unto Me, with your mind focused on the highest self, free from desire and selfishness, fight without any mental fever."
duty,3.31,"Chapter 3, Verse 31",Those who constantly practice My teachings with full faith and without envy are freed from the bondage of their actions.
duty,3.35,"Chapter 3, Verse 35","It is better to perform one’s own duty imperfectly than to perform another’s duty perfectly. Even death in the course of one’s own duty is better, for following another’s path is dangerous."
duty,3.35,"Chapter 3, Verse 35","It is better to perform one’s own duty imperfectly than to perform another’s duty perfectly. Even death in the course of one’s own duty is better, for following another’s path is dangerous."
duty,3.8,"Chapter 3, Verse 8","Perform your prescribed duty, for action is better than inaction. Even the maintenance of your physical body cannot be accomplished without action."
duty,3.9,"Chapter 3, Verse 9","Work must be performed as a sacrifice (Yajna), otherwise all actions cause bondage in this world. Therefore, O son of Kunti, perform your duties for that purpose, completely free from attachment."
duty,4.15,"Chapter 4, Verse 15","Knowing this truth, even the ancient seekers of liberation performed their prescribed duties. Therefore, you should perform your duty just as the ancients did in the past."
duty,4.20,"Chapter 4, Verse 20","Having abandoned attachment to the results of actions, remaining always satisfied and independent, a person though engaged in action does not become bound by those actions."
duty,5.10,"Chapter 5, Verse 10","One who performs their duties without attachment, surrendering the results to the Supreme, is never touched by negative reactions, just as a lotus leaf remains untouched by water."
duty,7.11,"Chapter 7, Verse 11","I am the strength of the strong, devoid of passion and desire. I am sex life which is not contrary to religious principles, O Lord of the Bharatas (Arjuna)."
duty,7.17,"Chapter 7, Verse 17","Of these, the one who is in full knowledge and who is always engaged in pure devotional service is the best. For I am very dear to him, and he is dear to Me."
duty,7.18,"Chapter 7, Verse 18","All these devotees are undoubtedly magnanimous, but he who is situated in knowledge of Me I consider to be just like My own self. Being engaged in My transcendental service, he is sure to attain Me, t"
duty,7.20,"Chapter 7, Verse 20",Those whose intelligence has been stolen by material desires surrender unto demigods and follow the particular rules and regulations of worship according to their own natures.
duty,7.28,"Chapter 7, Verse 28","Persons who have acted piously in previous lives and in this life and whose sinful actions are completely eradicated are freed from the dualities of delusion, and they engage themselves in My service "
duty,8.12,"Chapter 8, Verse 12","The yogic situation is that of detachment from all sensual engagements. Closing all the doors of the senses and fixing the mind on the heart and the life air at the top of the head, one establishes hi"
duty,8.22,"Chapter 8, Verse 22","The Supreme Personality of Godhead, who is greater than all, is attainable by unalloyed devotion. Although He is present in His abode, He is all-pervading, and everything is situated within Him."
duty,9.13,"Chapter 9, Verse 13","O son of Pritha, the great souls, who take shelter of the divine nature, worship Me with an unswerving mind, knowing Me to be the original and inexhaustible source of all beings."
duty,9.16,"Chapter 9, Verse 16","I am the ritual, I am the sacrifice, I am the offering to the ancestors, I am the healing herb, I am the mantra. I am the clarified butter, I am the fire, and I am the act of offering."
duty,9.20,"Chapter 9, Verse 20","Those who study the three Vedas and drink the Soma juice, seeking purification from sin, worship Me through sacrifices to attain the heavenly planets. Having reached the pious world of Indra, they enj"
duty,9.24,"Chapter 9, Verse 24",I am the sole enjoyer and the supreme Lord of all sacrifices. But those who do not recognize My true nature in reality fall down.
duty,9.27,"Chapter 9, Verse 27","Whatever you do, whatever you eat, whatever you offer in sacrifice, whatever you give in charity, and whatever austerity you perform, O son of Kunti, do that as an offering unto Me."
duty,9.34,"Chapter 9, Verse 34","Fix your mind on Me, become My devotee, worship Me, and offer your respect to Me. In this way, with your mind fully absorbed in Me and devoted to Me as the supreme goal, you will come to Me."
emotional awareness,10.4,"Chapter 10, Verse 4","Intelligence, knowledge, freedom from confusion, forgiveness, truthfulness, control of the senses, control of the mind, happiness and distress, birth and death, fear and fearlessness all arise from Me"
emotional balance,10.4,"Chapter 10, Verse 4","Intelligence, knowledge, freedom from confusion, forgiveness, truthfulness, control of the senses, control of the mind, happiness and distress, birth and death, fear and fearlessness all arise from Me"
emotional balance,12.13,"Chapter 12, Verse 13","One who has no hatred toward any being, who is friendly and compassionate, free from possessiveness and ego, balanced in both happiness and distress, and forgiving in nature, is dear to Me."
emotional intelligence,15.10,"Chapter 15, Verse 10","The foolish cannot understand how a living entity quits their body, nor can they understand what they enjoy while under the spell of the modes of nature. But one who has the eyes of knowledge can see "
emotional intelligence,18.55,"Chapter 18, Verse 55","Only through devotion can one come to know Me in truth—who and what I am. Having known Me in truth, one then enters into My being."
emotional regulation,12.17,"Chapter 12, Verse 17","One who neither becomes overly joyful nor hates, neither laments nor desires, and who has renounced attachment to both good and bad outcomes, such a devoted person is dear to Me."
emotional regulation,13.10,"Chapter 13, Verse 10","Non-attachment, absence of entanglement with children, spouse, home, and the rest, and constant even-mindedness amid desirable and undesirable events."
emotional regulation,13.2,"Chapter 13, Verse 2","The Supreme Lord said: This body, O son of Kunti, is called the field (kshetra), and one who knows this body is called the knower of the field (kshetrajna) by those who understand these things."
emotional regulation,13.21,"Chapter 13, Verse 21","Material nature (Prakriti) is said to be the cause of all material activities and effects, whereas the conscious entity (Purusha) is the cause of the various experiences of happiness and distress."
emotional regulation,13.6,"Chapter 13, Verse 6","The five great elements, false ego, intelligence, the unmanifest, the ten senses and the mind, and the five objects of the senses."
emotional regulation,13.7,"Chapter 13, Verse 7","Desire, hatred, happiness, distress, the aggregate, the life symptoms, and convictions—all these are considered, in summary, to be the field of activities and its interactions."
emotional regulation,14.11,"Chapter 14, Verse 11","When the light of knowledge illuminates all the gates of the body, then one should know that the mode of goodness is predominant."
emotional regulation,14.19,"Chapter 14, Verse 19","When one properly sees that in all activities no other performer is at work than these modes of nature, and knows the Supreme who is beyond all these modes, they attain My spiritual nature."
emotional regulation,14.21,"Chapter 14, Verse 21","Arjuna inquired: O Lord, by what symptoms is one known who has transcended these three modes of nature? What is their behavior? And how does one transcend these three modes?"
emotional regulation,14.24,"Chapter 14, Verse 24","One who is situated in the self and is equal in distress and happiness; who looks upon a clod of dirt, a stone, and a piece of gold with an equal eye; who is equal toward the desirable and the undesir"
emotional regulation,14.5,"Chapter 14, Verse 5","Material nature consists of three modes: goodness (sattva), passion (rajas), and ignorance (tamas). These modes condition and bind the eternal, imperishable soul to the physical body, O mighty-armed o"
emotional regulation,16.1,"Chapter 16, Verse 1",The Supreme Lord said: Fearlessness; purification of one's existence; cultivation of spiritual knowledge; charity; self-control; performance of sacrifice; study of the Vedas; austerity; and simplicity
emotional regulation,16.21,"Chapter 16, Verse 21","There are three gates leading to this hell—lust, anger and greed. Every sane man should give these up, for they lead to the degradation of the soul."
emotional regulation,17.16,"Chapter 17, Verse 16","And satisfaction, simplicity, gravity, self-control and purification of one's existence are the austerities of the mind."
emotional regulation,9.10,"Chapter 9, Verse 10","Under My supervision, material nature produces all moving and non-moving beings. For this reason, O son of Kunti, the universe constantly undergoes its cycles of change."
emotional regulation,9.4,"Chapter 9, Verse 4","By Me, in My unmanifested form, this entire universe is pervaded. All living beings rest in Me, but I am not contained within them."
empathy,13.3,"Chapter 13, Verse 3","O scion of Bharata, you should understand that I am also the knower in all bodies, and to understand this body and its knower is called knowledge. That is My opinion."
empathy,13.31,"Chapter 13, Verse 31","When a sensible man ceases to see different identities due to different material bodies and he sees how beings are expanded everywhere, he attains to the Brahman conception."
faith,5.17,"Chapter 5, Verse 17","Those whose intellect, mind, faith, and ultimate refuge are all fixed in the Supreme, whose impurities have been completely cleansed by knowledge, attain the state of no return."
faith,6.47,"Chapter 6, Verse 47","Among all yogis, the one who, with inner faith, remains deeply connected to Me and worships Me with devotion is considered by Me to be the most united in yoga."
fear of failure,2.14,"Chapter 2, Verse 14","O son of Kunti, the contact between the senses and their objects gives rise to fleeting perceptions of happiness and distress. These are non-permanent, coming and going like the winter and summer seas"
fear of failure,2.38,"Chapter 2, Verse 38","Treat pleasure and pain, gain and loss, victory and defeat alike. Then engage in battle. By doing so, you will not incur sin."
fear of failure,4.10,"Chapter 4, Verse 10","Freed from attachment, fear, and anger, fully absorbed in Me and taking refuge in Me, purified by the fire of knowledge, many in the past have attained My state of being."
fear of failure,9.28,"Chapter 9, Verse 28","In this way you will be freed from the bonds of actions that produce good and bad results. With your mind united in the yoga of renunciation, you will become liberated and come to Me."
focus,10.10,"Chapter 10, Verse 10","To those who are constantly devoted to Me and who worship Me with love, I give the understanding by which they can come to Me."
focus,10.17,"Chapter 10, Verse 17","O Krishna, how should I understand You while constantly contemplating You? In what various forms or aspects should I think of You?"
focus,10.25,"Chapter 10, Verse 25","Among the great sages I am Bhrigu; among sounds I am the single sacred syllable Om. Among sacrifices I am the sacrifice of silent repetition, and among immovable things I am the Himalayas."
focus,11.54,"Chapter 11, Verse 54","But by undivided devotion, O Arjuna, I can truly be known, seen in reality, and entered into. Through such devotion one can understand Me as I am, O conqueror of enemies."
focus,12.2,"Chapter 12, Verse 2",The Supreme Lord said: Those who fix their minds on Me and constantly worship Me with deep faith are considered by Me to be the most perfectly united in yoga.
focus,12.5,"Chapter 12, Verse 5","For those whose minds are attached to the unmanifest reality, the path is more difficult. For embodied beings, reaching the unmanifest goal is very challenging."
focus,12.6,"Chapter 12, Verse 6","But those who dedicate all their actions to Me, who regard Me as their supreme goal, and who worship Me while meditating on Me with single-minded focus, follow a path of devotion."
focus,12.8,"Chapter 12, Verse 8","Fix your mind on Me alone and place your intelligence in Me. Then you will live in Me always, without any doubt."
focus,12.9,"Chapter 12, Verse 9","If you are unable to steadily fix your mind on Me, then try to reach Me through the practice of repeated discipline, O Arjuna."
focus,13.11,"Chapter 13, Verse 11","Constant and unalloyed devotion to Me, aspiring to live in a solitary place, and detachment from the general mass of people."
focus,14.26,"Chapter 14, Verse 26",And one who serves Me with unswerving devotion transcends these three modes of nature and becomes eligible to attain the level of the Supreme.
focus,15.19,"Chapter 15, Verse 19","Whoever knows Me as the Supreme Person, without doubting, is the knower of everything. He, therefore, engages himself in wholehearted service to Me, O son of Bharata."
focus,16.2,"Chapter 16, Verse 2",Nonviolence; truthfulness; freedom from anger; renunciation; tranquillity; aversion to faultfinding; compassion for all living entities; freedom from covetousness; gentleness; modesty; and steady dete
focus,18.33,"Chapter 18, Verse 33","O son of Pritha, that determination which is unswerving, which is sustained with steadfastness by yoga practice, and which thus controls the activities of the mind, life and senses, is in the mode of "
focus,18.42,"Chapter 18, Verse 42","Peacefulness, self-control, austerity, purity, tolerance, honesty, knowledge, wisdom and religiousness—these are the natural qualities by which the Brahmins work."
focus,18.52,"Chapter 18, Verse 52","Resorting to secluded places, eating light, controlling speech, body and mind, ever engaged in meditation and taking refuge in dispassion..."
focus,18.57,"Chapter 18, Verse 57","Mentally dedicating all your actions to Me, regarding Me as the Supreme Goal and taking shelter of the yoga of the intellect, always keep your mind fixed on Me."
focus,18.65,"Chapter 18, Verse 65","Always think of Me, become My devotee, worship Me and offer your homage unto Me. Thus you will come to Me without fail. I promise you this because you are My very dear friend."
focus,18.72,"Chapter 18, Verse 72","O son of Pritha, O conqueror of wealth, have you heard this with a concentrated mind? Has your delusion born of ignorance been dispelled?"
focus,7.1,"Chapter 7, Verse 1","The Supreme Lord said: Now hear, O son of Pritha, how by practicing yoga with your mind fully attached to Me, and taking exclusive refuge in Me, you can know Me completely, free from all doubt."
focus,7.17,"Chapter 7, Verse 17","Of these, the one who is in full knowledge and who is always engaged in pure devotional service is the best. For I am very dear to him, and he is dear to Me."
focus,7.20,"Chapter 7, Verse 20",Those whose intelligence has been stolen by material desires surrender unto demigods and follow the particular rules and regulations of worship according to their own natures.
focus,7.30,"Chapter 7, Verse 30","Those in full consciousness of Me, who know Me, the Supreme Lord, to be the governing principle of the material manifestation, of the demigods, and of all methods of sacrifice, can understand and know"
focus,8.12,"Chapter 8, Verse 12","The yogic situation is that of detachment from all sensual engagements. Closing all the doors of the senses and fixing the mind on the heart and the life air at the top of the head, one establishes hi"
focus,8.13,"Chapter 8, Verse 13","After being situated in this yoga practice and vibrating the sacred syllable om, the supreme combination of letters, if one thinks of the Supreme Personality of Godhead and quits his body, he will cer"
focus,8.22,"Chapter 8, Verse 22","The Supreme Personality of Godhead, who is greater than all, is attainable by unalloyed devotion. Although He is present in His abode, He is all-pervading, and everything is situated within Him."
focus,8.27,"Chapter 8, Verse 27","Although the devotees know these two paths, O Arjuna, they are never bewildered. Therefore, be always fixed in devotion."
focus,8.5,"Chapter 8, Verse 5","And whoever, at the end of his life, quits his body remembering Me alone at once attains My nature. Of this there is no doubt."
focus,8.8,"Chapter 8, Verse 8","He who meditates on Me as the Supreme Personality of Godhead, his mind constantly engaged in remembering Me, undeviated from the path, he, O Partha, is sure to reach Me."
focus,8.9,"Chapter 8, Verse 9","One should meditate upon the Supreme Person as the one who knows everything, as He who is the oldest, who is the controller, who is smaller than the smallest, who is the maintainer of everything, who "
focus,9.13,"Chapter 9, Verse 13","O son of Pritha, the great souls, who take shelter of the divine nature, worship Me with an unswerving mind, knowing Me to be the original and inexhaustible source of all beings."
focus,9.22,"Chapter 9, Verse 22","But those who always worship Me with exclusive devotion, meditating on My transcendental form—to them I carry what they lack, and I preserve what they have."
focus,9.25,"Chapter 9, Verse 25",Worshipers of the demigods go to the demigods; worshipers of the ancestors go to the ancestors; worshipers of ghosts and spirits go to such beings; and those who worship Me come to Me.
focus,9.34,"Chapter 9, Verse 34","Fix your mind on Me, become My devotee, worship Me, and offer your respect to Me. In this way, with your mind fully absorbed in Me and devoted to Me as the supreme goal, you will come to Me."
friendship,4.35,"Chapter 4, Verse 35","Having gained this knowledge, O son of Pandu, you will never again fall into such confusion. By this understanding you will see all beings completely within yourself and also within Me."
gratitude,15.12,"Chapter 15, Verse 12","The splendor of the sun, which illuminates the entire world, comes from Me. And the splendor of the moon and the splendor of fire are also from Me."
growth,10.18,"Chapter 10, Verse 18","O Janardana, please describe again in detail Your divine power and manifestations. Hearing Your words is like nectar, and I can never become satisfied by listening to them."
growth,11.21,"Chapter 11, Verse 21","All the hosts of gods are entering into You. Some of them, in great fear, are offering prayers with folded hands. Groups of great sages and perfected beings are crying out 'May there be peace,' and th"
growth,13.8,"Chapter 13, Verse 8","Humility, pridelessness, nonviolence, tolerance, simplicity, approaching a bona fide spiritual master, cleanliness, steadiness, and self-control;"
growth,14.14,"Chapter 14, Verse 14","When an embodied soul passes away while the mode of goodness is predominant, it attains the pure, higher worlds of those who know the Supreme."
growth,14.18,"Chapter 14, Verse 18",Those situated in the mode of goodness go upward; those in the mode of passion remain in the middle; and those in the abominable mode of ignorance go downward.
growth,14.21,"Chapter 14, Verse 21","Arjuna inquired: O Lord, by what symptoms is one known who has transcended these three modes of nature? What is their behavior? And how does one transcend these three modes?"
growth,16.5,"Chapter 16, Verse 5","The divine qualities are considered conducive to liberation, whereas the demoniac qualities lead to bondage. Do not grieve, O son of Pandu, for you are born with the divine qualities."
growth,17.25,"Chapter 17, Verse 25","One should perform various kinds of sacrifice, penance and charity with the word 'Tat' and without desiring the results. Such activities are performed by those who seek liberation from material entang"
growth,18.50,"Chapter 18, Verse 50","Learn from Me in brief, O son of Kunti, how one who has attained this perfection can reach the supreme state of Brahman, the highest stage of knowledge."
growth,18.70,"Chapter 18, Verse 70",And I declare that he who studies this sacred conversation of ours worships Me by his intelligence.
growth,18.71,"Chapter 18, Verse 71",And that person who listens with faith and without envy shall become free from sinful reactions and attain the auspicious abodes of the righteous.
growth,18.8,"Chapter 18, Verse 8",Anyone who gives up prescribed duties as troublesome or out of fear of bodily discomfort is said to have renounced in the mode of passion. Such action never leads to the true fruit of renunciation.
growth,7.16,"Chapter 7, Verse 16","O best among the Bharatas, four kinds of pious men begin to render devotional service unto Me—the distressed, the desirer of wealth, the inquisitive, and he who is searching for knowledge of the Absol"
growth,7.19,"Chapter 7, Verse 19","After many births and deaths, he who is actually in knowledge surrenders unto Me, knowing Me to be the cause of all causes and all that is. Such a great soul is very rare."
growth,8.26,"Chapter 8, Verse 26","According to Vedic opinion, there are two ways of passing from this world—one in light and one in darkness. When one passes in light, he does not come back; but when one passes in darkness, he returns"
growth,9.2,"Chapter 9, Verse 2","This knowledge is the king of education, the most profound secret, and the purest of all. It can be understood through direct experience, it is aligned with righteousness, it is everlasting, and it is"
growth,9.31,"Chapter 9, Verse 31","He quickly becomes righteous and attains lasting peace. O son of Kunti, declare it boldly that My devotee never perishes."
growth,9.32,"Chapter 9, Verse 32","O son of Pritha, those who take refuge in Me, even if they are born in circumstances considered less privileged such as women, merchants, or workers, can also attain the highest destination."
happiness,2.56,"Chapter 2, Verse 56","One whose mind is not disturbed in sorrow, who does not crave pleasure, and who is free from attachment, fear, and anger is called a sage of steady wisdom."
happiness,2.58,"Chapter 2, Verse 58","When a person withdraws their senses from sense objects just as a tortoise withdraws its limbs into its shell, that person's wisdom is firmly established."
happiness,2.61,"Chapter 2, Verse 61","One should restrain all the senses and remain steady with the mind focused on the higher purpose. For the person whose senses are under control, their wisdom becomes firmly established."
happiness,5.13,"Chapter 5, Verse 13","The embodied being who has controlled their nature, having mentally renounced all actions, resides happily in the city of nine gates (the physical body), neither acting nor causing actions to be done."
happiness,5.23,"Chapter 5, Verse 23","One who is able to withstand the forceful urges born of desire and anger right here in this world, before giving up the body, is a yogi and is a truly happy person."
happiness,5.24,"Chapter 5, Verse 24","One whose happiness is within, who rejoices within, and who is illuminated by the inner light—that yogi, having become one with the Supreme, attains supreme liberation."
happiness,5.6,"Chapter 5, Verse 6","But mere renunciation of activities, O mighty-armed one, is difficult to achieve and brings misery without the practice of detached action. A thoughtful person engaged in the yoga of action achieves t"
helplessness,2.3,"Chapter 2, Verse 3","O Partha, do not give in to this weakness. It does not suit you. Give up this petty faint-heartedness and arise, O conqueror of enemies."
helplessness,2.7,"Chapter 2, Verse 7","My nature is overcome by weakness and my mind is confused about my duty. I ask you to tell me clearly what is truly best for me. I am now your student, and I surrender myself to you for instruction."
humility,15.12,"Chapter 15, Verse 12","The splendor of the sun, which illuminates the entire world, comes from Me. And the splendor of the moon and the splendor of fire are also from Me."
humility,15.14,"Chapter 15, Verse 14","I am the fire of digestion in the bodies of all living entities, and I join with the incoming and outgoing breaths to digest the four kinds of food."
humility,18.58,"Chapter 18, Verse 58","If you become conscious of Me, you will pass over all the obstacles of life by My grace. If, however, you do not act in such consciousness but act through false ego, not hearing Me, you will be lost."
humility,18.65,"Chapter 18, Verse 65","Always think of Me, become My devotee, worship Me and offer your homage unto Me. Thus you will come to Me without fail. I promise you this because you are My very dear friend."
humility,9.1,"Chapter 9, Verse 1","The Supreme Lord said: To you, who are free from envy and fault-finding, I shall now declare this most profound and confidential knowledge, along with its practical realization. By knowing this, you w"
humility,9.14,"Chapter 9, Verse 14","Always glorifying Me, striving with firm determination, and bowing down before Me, these great souls perpetually worship Me with devotion."
identity,13.2,"Chapter 13, Verse 2","The Supreme Lord said: This body, O son of Kunti, is called the field (kshetra), and one who knows this body is called the knower of the field (kshetrajna) by those who understand these things."
identity,13.6,"Chapter 13, Verse 6","The five great elements, false ego, intelligence, the unmanifest, the ten senses and the mind, and the five objects of the senses."
inner peace,14.16,"Chapter 14, Verse 16","The result of righteous action is said to be pure and in the mode of goodness. But action done in the mode of passion results in misery, and action performed in the mode of ignorance results in delusi"
inner peace,14.2,"Chapter 14, Verse 2","By taking refuge in this knowledge, one attains a nature like My own. Thus established, they are not born at the time of creation, nor are they disturbed at the time of dissolution."
inner peace,18.62,"Chapter 18, Verse 62","Surrender unto Him utterly, O descendant of Bharata. By His grace you will attain supreme peace and the eternal abode."
inner peace,9.31,"Chapter 9, Verse 31","He quickly becomes righteous and attains lasting peace. O son of Kunti, declare it boldly that My devotee never perishes."
karma,10.1,"Chapter 10, Verse 1","The Blessed Lord said: Again, O mighty-armed Arjuna, hear My supreme words. Because you are dear to Me, I will speak what is for your highest welfare."
karma,10.10,"Chapter 10, Verse 10","To those who are constantly devoted to Me and who worship Me with love, I give the understanding by which they can come to Me."
karma,10.14,"Chapter 10, Verse 14","O Krishna, I accept as true everything You have told me. Neither the gods nor the demons fully understand Your true nature."
karma,10.17,"Chapter 10, Verse 17","O Krishna, how should I understand You while constantly contemplating You? In what various forms or aspects should I think of You?"
karma,10.24,"Chapter 10, Verse 24","O Arjuna, among priests know Me as Brihaspati, the chief. Among military commanders I am Skanda, and among bodies of water I am the ocean."
karma,10.28,"Chapter 10, Verse 28","Among weapons I am the thunderbolt; among cows I am the wish fulfilling cow. Among causes of generation I am Kandarpa, the force of attraction, and among serpents I am Vasuki."
karma,10.29,"Chapter 10, Verse 29","Among the Nagas I am Ananta; among aquatic beings I am Varuna. Among the ancestors I am Aryama, and among those who enforce discipline I am Yama."
karma,10.3,"Chapter 10, Verse 3","One who knows Me as unborn, without beginning, and as the supreme Lord of all worlds, such a person among mortals is free from delusion and is released from all sinful reactions."
karma,10.36,"Chapter 10, Verse 36","Among those who practice deception I am gambling; among the brilliant I am brilliance. I am victory, I am determination, and I am the goodness found in those who are virtuous."
karma,10.38,"Chapter 10, Verse 38","Among those who enforce discipline I am the power of punishment; among those who seek victory I am wise policy. Among secrets I am silence, and among the knowledgeable I am knowledge itself."
karma,10.42,"Chapter 10, Verse 42","But what need is there for all this detailed knowledge, O Arjuna? I sustain and pervade this entire universe with just a single fraction of My being."
karma,10.5,"Chapter 10, Verse 5","Nonviolence, equality of vision, contentment, austerity, charity, fame and infamy all arise from Me in their various forms among living beings."
karma,10.7,"Chapter 10, Verse 7",One who truly understands My divine manifestations and the power by which I sustain the universe becomes firmly established in spiritual union with Me. Of this there is no doubt.
karma,10.8,"Chapter 10, Verse 8","I am the source of everything, and from Me all creation proceeds. Knowing this, the wise worship Me with deep devotion and understanding."
karma,10.9,"Chapter 10, Verse 9","With their minds fixed on Me and their lives devoted to Me, the wise enlighten one another and constantly speak about Me. In doing so, they experience satisfaction and deep joy."
karma,11.1,"Chapter 11, Verse 1","Arjuna said: By Your grace You have spoken to me the supreme and confidential knowledge concerning the self. Through these words, my confusion has now been dispelled."
karma,11.14,"Chapter 11, Verse 14","Then Arjuna, filled with wonder and amazement, his hair standing on end, bowed his head to the Lord with folded hands and began to speak."
karma,11.2,"Chapter 11, Verse 2","O lotus-eyed Krishna, I have heard from You in detail about the origin and dissolution of all beings, and also about Your imperishable greatness."
karma,11.21,"Chapter 11, Verse 21","All the hosts of gods are entering into You. Some of them, in great fear, are offering prayers with folded hands. Groups of great sages and perfected beings are crying out 'May there be peace,' and th"
karma,11.22,"Chapter 11, Verse 22","The Rudras, the Adityas, the Vasus, the Sadhyas, the Vishvedevas, the Ashvins, the Maruts, the ancestors, as well as the Gandharvas, Yakshas, Asuras, and Siddhas all gaze upon You in amazement."
karma,11.24,"Chapter 11, Verse 24","Seeing Your form touching the sky, shining with many colors, with wide open mouths and blazing eyes, my inner self trembles with fear. O Vishnu, I find no steadiness or peace of mind."
karma,11.25,"Chapter 11, Verse 25","Seeing Your terrifying mouths with dreadful fangs, blazing like the fires of destruction, I lose all sense of direction and find no peace. O Lord of the gods, O refuge of the universe, please be graci"
karma,11.28,"Chapter 11, Verse 28","Just as many rushing rivers flow toward the ocean, so too these great warriors of the human world are entering Your blazing mouths."
karma,11.29,"Chapter 11, Verse 29","Just as moths rush swiftly into a blazing fire to their destruction, so too all these people are rushing with great speed into Your mouths for their own destruction."
karma,11.30,"Chapter 11, Verse 30","O Vishnu, You are licking and devouring all the worlds from every side with Your blazing mouths. Your fierce radiance fills the entire universe and scorches it with its intense heat."
karma,11.32,"Chapter 11, Verse 32","The Supreme Lord said: I am Time, the mighty destroyer of worlds, engaged here in destroying these people. Even without your participation, none of the warriors standing on the opposing side will surv"
karma,11.33,"Chapter 11, Verse 33","Therefore arise and gain glory. Conquer your enemies and enjoy a prosperous kingdom. These warriors have already been slain by Me. O skilled archer, you are merely an instrument in this process."
karma,11.34,"Chapter 11, Verse 34","Drona, Bhishma, Jayadratha, Karna, and many other great warriors have already been slain by Me. Therefore defeat them and do not be disturbed. Fight, and you will conquer your enemies in battle."
karma,11.35,"Chapter 11, Verse 35","Sanjaya said: Hearing these words of Keshava, Arjuna, trembling and with folded hands, bowed down to Krishna. Overwhelmed with fear, he again spoke to Him with a faltering voice."
karma,11.36,"Chapter 11, Verse 36","Arjuna said: O Hrishikesha, it is fitting that the world rejoices and becomes devoted upon hearing Your glories. The demons flee in fear in all directions, while the hosts of perfected beings bow down"
karma,11.37,"Chapter 11, Verse 37","O great soul, why should they not bow to You? You are greater even than Brahma, the original creator. O infinite Lord of the gods, refuge of the universe, You are the imperishable reality beyond both "
karma,11.42,"Chapter 11, Verse 42","And if, in jest, I have ever shown You disrespect while playing, resting, sitting together, or eating, whether alone or in the presence of others, O Achyuta, I ask Your forgiveness for all of it, O im"
karma,11.45,"Chapter 11, Verse 45","Seeing this form which I had never seen before, I am filled with joy, yet my mind is also greatly disturbed with fear. Therefore, O Lord of the gods, O refuge of the universe, please show me again You"
karma,11.48,"Chapter 11, Verse 48","O best of the Kurus, this form of Mine that you have seen cannot be perceived in the human world by studying the Vedas, performing sacrifices, giving charity, engaging in rituals, or practicing severe"
karma,11.49,"Chapter 11, Verse 49","Do not be afraid or confused after seeing this terrifying form of Mine. Free from fear and with a peaceful mind, behold again My familiar form."
karma,11.50,"Chapter 11, Verse 50","Sanjaya said: After speaking in this way to Arjuna, Vasudeva again showed His own gentle form. The great soul then comforted the frightened Arjuna by appearing once more in His calm and pleasing appea"
karma,11.53,"Chapter 11, Verse 53","I cannot be seen in this form as you have seen Me simply through studying the Vedas, performing austerities, giving charity, or conducting sacrifices."
karma,11.54,"Chapter 11, Verse 54","But by undivided devotion, O Arjuna, I can truly be known, seen in reality, and entered into. Through such devotion one can understand Me as I am, O conqueror of enemies."
karma,11.55,"Chapter 11, Verse 55","One who performs actions for Me, who regards Me as the supreme goal, who is devoted to Me, free from attachment, and free from hostility toward all beings, such a person comes to Me, O Arjuna."
karma,12.10,"Chapter 12, Verse 10","If you are unable even to practice steady discipline, then dedicate your actions to Me. By performing actions for My sake, you will attain perfection."
karma,12.11,"Chapter 12, Verse 11","If you are unable to act for My sake, then practice renouncing the results of all your actions with self-control."
karma,12.12,"Chapter 12, Verse 12","Knowledge is better than mechanical practice, meditation is superior to knowledge, and renouncing the results of actions is greater than meditation. From such renunciation, peace immediately follows."
karma,12.13,"Chapter 12, Verse 13","One who has no hatred toward any being, who is friendly and compassionate, free from possessiveness and ego, balanced in both happiness and distress, and forgiving in nature, is dear to Me."
karma,12.14,"Chapter 12, Verse 14","One who is always content, self-disciplined, firmly determined, and whose mind and intellect are dedicated to Me, such a devotee is dear to Me."
karma,12.15,"Chapter 12, Verse 15","One by whom the world is not disturbed and who is not disturbed by the world, who is free from excessive joy, anger, fear, and agitation, such a person is dear to Me."
karma,12.16,"Chapter 12, Verse 16","One who is free from expectation, pure in conduct, skillful in action, impartial, free from anxiety, and who has renounced selfish undertakings, such a devotee is dear to Me."
karma,12.17,"Chapter 12, Verse 17","One who neither becomes overly joyful nor hates, neither laments nor desires, and who has renounced attachment to both good and bad outcomes, such a devoted person is dear to Me."
karma,12.18,"Chapter 12, Verse 18","One who remains equal toward friend and enemy, balanced in honor and dishonor, and steady in heat and cold, pleasure and pain, free from attachment, such a person is dear to Me."
karma,12.19,"Chapter 12, Verse 19","One who regards praise and criticism equally, who is thoughtful and restrained in speech, content with whatever comes, unattached to fixed possessions or residence, steady in mind and devoted, such a "
karma,12.2,"Chapter 12, Verse 2",The Supreme Lord said: Those who fix their minds on Me and constantly worship Me with deep faith are considered by Me to be the most perfectly united in yoga.
karma,12.3,"Chapter 12, Verse 3","But those who worship the imperishable, indefinable, unmanifest reality, which is all-pervading, inconceivable, unchanging, immovable, and eternal, also engage in a path of spiritual discipline."
karma,12.4,"Chapter 12, Verse 4","Those who control their senses, remain balanced in all situations, and are dedicated to the welfare of all beings also ultimately reach Me."
karma,12.6,"Chapter 12, Verse 6","But those who dedicate all their actions to Me, who regard Me as their supreme goal, and who worship Me while meditating on Me with single-minded focus, follow a path of devotion."
karma,12.7,"Chapter 12, Verse 7","For those whose minds are fully absorbed in Me, O Arjuna, I become their deliverer from the ocean of birth and death, and I quickly lift them out of the cycle of worldly existence."
karma,12.8,"Chapter 12, Verse 8","Fix your mind on Me alone and place your intelligence in Me. Then you will live in Me always, without any doubt."
karma,12.9,"Chapter 12, Verse 9","If you are unable to steadily fix your mind on Me, then try to reach Me through the practice of repeated discipline, O Arjuna."
karma,13.1,"Chapter 13, Verse 1","Arjuna said: O Krishna, I wish to understand Prakriti (nature) and Purusha (the enjoyer), as well as the field and the knower of the field, along with knowledge and the object of knowledge."
karma,13.11,"Chapter 13, Verse 11","Constant and unalloyed devotion to Me, aspiring to live in a solitary place, and detachment from the general mass of people."
karma,13.12,"Chapter 13, Verse 12","Accepting the importance of self-realization, and the philosophical search for the Absolute Truth—all these I declare to be knowledge, and besides this whatever there may be is ignorance."
karma,13.2,"Chapter 13, Verse 2","The Supreme Lord said: This body, O son of Kunti, is called the field (kshetra), and one who knows this body is called the knower of the field (kshetrajna) by those who understand these things."
karma,13.21,"Chapter 13, Verse 21","Material nature (Prakriti) is said to be the cause of all material activities and effects, whereas the conscious entity (Purusha) is the cause of the various experiences of happiness and distress."
karma,13.24,"Chapter 13, Verse 24","One who understands this philosophy concerning material nature, the living entity, and the interaction of the modes of nature is sure to attain liberation. He will not take birth here again, regardles"
karma,13.25,"Chapter 13, Verse 25","Some perceive the Supersoul within themselves through meditation, others through the cultivation of knowledge, and still others through working without fruitive desires."
karma,13.30,"Chapter 13, Verse 30","One who can see that all activities are performed by the body, which is a creation of material nature, and sees that the self does nothing, actually sees."
karma,13.34,"Chapter 13, Verse 34","O son of Bharata, as the sun alone illuminates all this universe, so does the living entity, one within the body, illuminate the entire body by consciousness."
karma,13.35,"Chapter 13, Verse 35","Those who see with eyes of knowledge the difference between the body and the knower of the body, and who can also understand the process of liberation from bondage in material nature, attain to the su"
karma,13.6,"Chapter 13, Verse 6","The five great elements, false ego, intelligence, the unmanifest, the ten senses and the mind, and the five objects of the senses."
karma,13.7,"Chapter 13, Verse 7","Desire, hatred, happiness, distress, the aggregate, the life symptoms, and convictions—all these are considered, in summary, to be the field of activities and its interactions."
karma,14.1,"Chapter 14, Verse 1","The Supreme Lord said: I shall again reveal to you the supreme wisdom, the best of all knowledge, knowing which all the sages have attained the highest perfection."
karma,14.12,"Chapter 14, Verse 12","O chief of the Bharatas, when the mode of passion increases, the symptoms of greed, intense outward activity, the undertaking of selfish projects, severe restlessness, and uncontrollable craving devel"
karma,14.14,"Chapter 14, Verse 14","When an embodied soul passes away while the mode of goodness is predominant, it attains the pure, higher worlds of those who know the Supreme."
karma,14.16,"Chapter 14, Verse 16","The result of righteous action is said to be pure and in the mode of goodness. But action done in the mode of passion results in misery, and action performed in the mode of ignorance results in delusi"
karma,14.18,"Chapter 14, Verse 18",Those situated in the mode of goodness go upward; those in the mode of passion remain in the middle; and those in the abominable mode of ignorance go downward.
karma,14.19,"Chapter 14, Verse 19","When one properly sees that in all activities no other performer is at work than these modes of nature, and knows the Supreme who is beyond all these modes, they attain My spiritual nature."
karma,14.23,"Chapter 14, Verse 23","Seated like an unconcerned witness, one who is not disturbed by the material modes, who remains firm and does not waver, knowing that only the modes are active..."
karma,14.26,"Chapter 14, Verse 26",And one who serves Me with unswerving devotion transcends these three modes of nature and becomes eligible to attain the level of the Supreme.
karma,14.3,"Chapter 14, Verse 3","The total material nature is My womb. I place the seed of life within it, and from this, O descendant of Bharata, all living beings are born."
karma,14.7,"Chapter 14, Verse 7","O son of Kunti, know that the mode of passion is characterized by intense craving, born of unlimited desires and longings. It binds the embodied soul through attachment to the results of action."
karma,14.9,"Chapter 14, Verse 9","O son of Bharata, the mode of goodness conditions one to happiness; passion conditions one to fruitive action; and ignorance, covering one's knowledge, binds one to negligence and delusion."
karma,15.13,"Chapter 15, Verse 13","I enter into each planet, and by My energy, they stay in orbit. I become the moon and thereby supply the juice of life to all vegetables."
karma,15.17,"Chapter 15, Verse 17","Besides these two, there is the greatest living personality, the Supreme Soul, the imperishable Lord Himself, who has entered the three worlds and is maintaining them."
karma,15.2,"Chapter 15, Verse 2","The branches of this tree extend downward and upward, nourished by the three modes of material nature. The twigs are the objects of the senses. This tree also has roots going down, and these are bound"
karma,15.20,"Chapter 15, Verse 20","This most confidential part of the revealed scriptures has been disclosed by Me, O sinless one. Whoever understands this will become wise, and his endeavors will know perfection."
karma,16.12,"Chapter 16, Verse 12","Bound by hundreds of ties of hope and devoted to lust and anger, they strive to accumulate wealth by illegal or unjust means for the satisfaction of their senses."
karma,16.16,"Chapter 16, Verse 16","Thus perplexed by various anxieties and bound by a network of illusions, they become too strongly attached to sense enjoyment and fall down into hell."
karma,16.19,"Chapter 16, Verse 19","Those who are envious and mischievous, who are the lowest among men, I perpetually cast into the ocean of material existence, into various demoniac species of life."
karma,16.20,"Chapter 16, Verse 20","Attaining repeated birth amongst the species of demoniac life, O son of Kunti, such persons can never approach Me. Gradually they sink down to the most abominable type of existence."
karma,16.24,"Chapter 16, Verse 24","Therefore, the scriptures are your authority in determining what ought to be done and what ought not to be done. Having known the rules and regulations prescribed by the scriptures, you should perform"
karma,16.6,"Chapter 16, Verse 6","O son of Pritha, in this world there are two kinds of created beings. One is called the divine and the other demoniac. I have already explained at length the divine qualities. Now hear from Me of the "
karma,16.7,"Chapter 16, Verse 7",Those who are demoniac do not know what is to be done and what is not to be done. Neither cleanliness nor proper behavior nor truth is found in them.
karma,16.9,"Chapter 16, Verse 9","Following such conclusions, the demoniac persons, who are lost to themselves and who have no intelligence, engage in unbeneficial, horrible works meant to destroy the world."
karma,17.11,"Chapter 17, Verse 11","Of sacrifices, the sacrifice performed according to the directions of scripture, as a matter of duty, by those who desire no reward, is of the nature of goodness."
karma,17.12,"Chapter 17, Verse 12","O chief of the Bharatas, know that the sacrifice performed with an eye on the fruit, and for the sake of pride, is of the nature of passion."
karma,17.13,"Chapter 17, Verse 13","Any sacrifice performed without regard for the directions of scripture, without distribution of prasadam (spiritual food), without chanting of hymns and remunerations to the priests, and without faith"
karma,17.14,"Chapter 17, Verse 14","Austerity of the body consists in worship of the Supreme Lord, the wise, the spiritual master, and superiors like the father and mother, and in cleanliness, simplicity, celibacy and nonviolence."
karma,17.16,"Chapter 17, Verse 16","And satisfaction, simplicity, gravity, self-control and purification of one's existence are the austerities of the mind."
karma,17.21,"Chapter 17, Verse 21","But charity performed with the expectation of some return, or with a desire for fruits, or in a grudging mood, is said to be in the mode of passion."
karma,17.23,"Chapter 17, Verse 23","From the beginning of creation, the three words 'Om Tat Sat' have been used to indicate the Supreme Ultimate Reality. These three symbolic representations were used by the knowers of the Absolute whil"
karma,17.24,"Chapter 17, Verse 24","Therefore, by uttering the word 'Om', the acts of sacrifice, charity and penance, as enjoined in the scriptures, are always begun by the students of the Absolute."
karma,17.25,"Chapter 17, Verse 25","One should perform various kinds of sacrifice, penance and charity with the word 'Tat' and without desiring the results. Such activities are performed by those who seek liberation from material entang"
karma,17.26,"Chapter 17, Verse 26","The word 'Sat' is used in the sense of the ultimate reality and in the sense of goodness. O Arjuna, the word 'Sat' is also used for an auspicious action."
karma,17.27,"Chapter 17, Verse 27","The state of steadfastness in sacrifice, penance and charity is also called 'Sat,' and any work performed for the sake of the Supreme is also designated as 'Sat.'"
karma,17.28,"Chapter 17, Verse 28","Anything done as sacrifice, charity or penance without faith, O son of Pritha, is declared as 'asat.' It is useless both in this life and the next."
karma,17.3,"Chapter 17, Verse 3","O descendant of Bharata, the faith of all beings is in accordance with their nature. A person is made of their faith; as their faith is, so they are."
karma,17.8,"Chapter 17, Verse 8","Foods that increase longevity, virtue, strength, health, happiness and satisfaction are characteristic of the mode of goodness. Such foods are juicy, fatty, wholesome, and pleasing to the heart."
karma,18.1,"Chapter 18, Verse 1","Arjuna said: O mighty-armed one, I wish to understand the true nature of renunciation (sannyasa) and of detachment (tyaga), and the distinction between the two, O Hrishikesha, killer of the Kesi demon"
karma,18.10,"Chapter 18, Verse 10","The intelligent renouncer, situated in the mode of goodness, neither hates inauspicious work nor is attached to auspicious work. Such a person is completely free from all doubts."
karma,18.11,"Chapter 18, Verse 11",It is indeed impossible for an embodied being to give up all activities completely. But one who renounces the fruits of action is called a true renouncer.
karma,18.12,"Chapter 18, Verse 12","The threefold fruits of action—undesirable, desirable, and mixed—accrue after death to those who are attached to the results. But for those who have renounced the fruits of action, there are no such c"
karma,18.13,"Chapter 18, Verse 13","O mighty-armed Arjuna, learn from Me the five factors for the accomplishment of all actions, as declared in the Sankhya philosophy, which is the ultimate conclusion of all action."
karma,18.14,"Chapter 18, Verse 14","The place of action (the body), the performer (the ego), the various instruments (the senses), the many different kinds of endeavor, and ultimately the Supreme Will (unseen destiny) are the five facto"
karma,18.15,"Chapter 18, Verse 15","Whatever right or wrong action a man performs by body, mind or speech, is caused by these five factors."
karma,18.17,"Chapter 18, Verse 17","One who is free from the ego of being the doer, and whose intelligence is not entangled, even though he may slay all these people, he does not kill, nor is he bound by the consequences of the action."
karma,18.18,"Chapter 18, Verse 18","Knowledge, the object of knowledge, and the knower—these three are the motivating forces of action. The instrument, the action, and the doer—these three are the constituents of action."
karma,18.19,"Chapter 18, Verse 19","According to the three different modes of material nature, there are three kinds of knowledge, action, and performer of action. Now hear of them from Me."
karma,18.2,"Chapter 18, Verse 2",The Supreme Lord said: Giving up activities based on material desire is what learned men call sannyasa (renunciation). And giving up the results of all activities is what the wise call tyaga (detachme
karma,18.20,"Chapter 18, Verse 20","That knowledge by which one undivided spiritual nature is seen in all living entities, though they are divided into innumerable forms, you should understand to be in the mode of goodness (Sattvic)."
karma,18.22,"Chapter 18, Verse 22","And that knowledge which is blindly attached to one single activity or concept as if it were everything, without reason, devoid of truth, and which is very narrow and meager, is declared to be in the "
karma,18.23,"Chapter 18, Verse 23","That action which is regulated and performed without attachment, without love or hatred, and without desire for fruitive results is said to be in the mode of goodness (Sattvic)."
karma,18.24,"Chapter 18, Verse 24","But action performed with great effort by one seeking to gratify their desires, and enacted from a sense of false ego, is called action in the mode of passion (Rajasic)."
karma,18.25,"Chapter 18, Verse 25","That action which is undertaken out of delusion, completely disregarding future consequences, loss, injury to others, and one's own capability, is said to be in the mode of ignorance (Tamasic)."
karma,18.26,"Chapter 18, Verse 26","The worker who is free from all material attachments and false ego, who is endowed with great enthusiasm and determination, and who is unperturbed in success or failure, is said to be a worker in the "
karma,18.27,"Chapter 18, Verse 27","The worker who is attached to work and the fruits of work, desiring to enjoy those fruits, and who is greedy, always envious, impure, and moved by joy and sorrow, is said to be a worker in the mode of"
karma,18.28,"Chapter 18, Verse 28","The worker who is undisciplined, vulgar, stubborn, deceitful, malicious, lazy, morose and procrastinating is said to be a worker in the mode of ignorance (Tamasic)."
karma,18.29,"Chapter 18, Verse 29","O winner of wealth, now please listen as I tell you in detail of the three kinds of understanding and determination according to the three modes of material nature."
karma,18.3,"Chapter 18, Verse 3","Some learned men declare that all kinds of fruitive activities should be given up as faulty, yet other sages maintain that acts of sacrifice, charity and penance should never be abandoned."
karma,18.30,"Chapter 18, Verse 30","O son of Pritha, that understanding by which one knows what ought to be done and what ought not to be done, what is to be feared and what is not to be feared, what is binding and what is liberating, i"
karma,18.31,"Chapter 18, Verse 31","O son of Pritha, that understanding which cannot distinguish between right and wrong, between action that should be done and action that should not be done, is in the mode of passion (Rajasic)."
karma,18.33,"Chapter 18, Verse 33","O son of Pritha, that determination which is unswerving, which is sustained with steadfastness by yoga practice, and which thus controls the activities of the mind, life and senses, is in the mode of "
karma,18.34,"Chapter 18, Verse 34","But that determination by which one holds fast to duty, pleasure, and wealth, desiring the fruits of actions out of intense attachment, O Partha, is in the mode of passion (Rajasic)."
karma,18.36,"Chapter 18, Verse 36","O best among the Bharatas, now please hear from Me about the three kinds of happiness which the conditioned soul enjoys, and by which one sometimes comes to the end of all suffering."
karma,18.37,"Chapter 18, Verse 37","That happiness which is like poison in the beginning but like nectar in the end, and which arises from the purification of one’s own intelligence, is said to be in the mode of goodness (Sattvic)."
karma,18.38,"Chapter 18, Verse 38",That happiness which is derived from the contact of the senses with their objects and which appears like nectar at first but poison at the end is said to be in the mode of passion (Rajasic).
karma,18.39,"Chapter 18, Verse 39","That happiness which is blind to self-realization, which is delusion from beginning to end and which arises from sleep, laziness and illusion is said to be of the nature of ignorance (Tamasic)."
karma,18.4,"Chapter 18, Verse 4","O best of the Bharatas, now hear My conclusive judgment concerning renunciation. O tiger among men, renunciation is declared in the scriptures to be of three kinds."
karma,18.40,"Chapter 18, Verse 40","There is no being on earth, or even among the demigods in the higher planetary systems, who is freed from these three modes born of material nature."
karma,18.42,"Chapter 18, Verse 42","Peacefulness, self-control, austerity, purity, tolerance, honesty, knowledge, wisdom and religiousness—these are the natural qualities by which the Brahmins work."
karma,18.45,"Chapter 18, Verse 45","By following his qualities of work, every man can become perfect. Now please hear from Me how this can be done."
karma,18.49,"Chapter 18, Verse 49","One whose intellect is unattached everywhere, who has conquered the self, and who is free from desires, attains by renunciation the supreme state of perfection consisting of freedom from action."
karma,18.5,"Chapter 18, Verse 5","Acts of sacrifice, charity and penance are not to be given up; they must be performed. Indeed, sacrifice, charity and penance purify even the great souls."
karma,18.50,"Chapter 18, Verse 50","Learn from Me in brief, O son of Kunti, how one who has attained this perfection can reach the supreme state of Brahman, the highest stage of knowledge."
karma,18.51,"Chapter 18, Verse 51","Being purified by intelligence and controlling the mind with determination, giving up the objects of sense gratification, and casting aside attachment and hatred..."
karma,18.54,"Chapter 18, Verse 54",One who is thus transcendentally situated at once realizes the Supreme Brahman and becomes fully joyful. He never laments or desires to have anything. He is equally disposed toward every living entity
karma,18.56,"Chapter 18, Verse 56","Though performing all kinds of actions, one who takes shelter in Me reaches the eternal and imperishable state by My grace."
karma,18.57,"Chapter 18, Verse 57","Mentally dedicating all your actions to Me, regarding Me as the Supreme Goal and taking shelter of the yoga of the intellect, always keep your mind fixed on Me."
karma,18.59,"Chapter 18, Verse 59","If you think, 'I shall not fight,' relying on your ego, your determination is vain. Your own nature will compel you to act."
karma,18.6,"Chapter 18, Verse 6","All these activities should be performed without attachment or any expectation of result. They should be performed as a matter of duty, O son of Pritha. That is My final and supreme opinion."
karma,18.60,"Chapter 18, Verse 60","O son of Kunti, bound by your own work which is born of your own nature, that which you do not wish to do out of delusion, you will eventually do even against your will."
karma,18.61,"Chapter 18, Verse 61","The Supreme Lord dwells in the hearts of all living beings, O Arjuna, and by His outward energy, He directs the wanderings of all entities, who are seated as if on a machine."
karma,18.65,"Chapter 18, Verse 65","Always think of Me, become My devotee, worship Me and offer your homage unto Me. Thus you will come to Me without fail. I promise you this because you are My very dear friend."
karma,18.66,"Chapter 18, Verse 66",Abandon all varieties of religion and just surrender unto Me. I shall deliver you from all sinful reactions. Do not fear.
karma,18.7,"Chapter 18, Verse 7","Prescribed duties should never be renounced. If one gives up his prescribed duties because of illusion, such renunciation is said to be in the mode of ignorance."
karma,18.70,"Chapter 18, Verse 70",And I declare that he who studies this sacred conversation of ours worships Me by his intelligence.
karma,18.71,"Chapter 18, Verse 71",And that person who listens with faith and without envy shall become free from sinful reactions and attain the auspicious abodes of the righteous.
karma,18.73,"Chapter 18, Verse 73","Arjuna said: My delusion is destroyed, and I have regained my memory through Your grace, O Infallible One. I am now firm, my doubts are gone, and I shall act according to Your word."
karma,18.74,"Chapter 18, Verse 74","Sanjaya said: I have thus heard the conversation of two great souls, Krishna and Arjuna. And so wonderful is that message that my hair is standing on end."
karma,18.76,"Chapter 18, Verse 76","O King, as I repeatedly recall this wondrous and holy dialogue between Krishna and Arjuna, I am thrilled with joy at every moment."
karma,18.77,"Chapter 18, Verse 77","O King, as I remember that most wonderful form of Lord Krishna, I am struck with even greater wonder, and I rejoice again and again."
karma,18.78,"Chapter 18, Verse 78","Wherever there is Krishna, the master of all mysticism, and wherever there is Arjuna, the supreme archer, there will also certainly be opulence, victory, extraordinary power, and morality. That is my "
karma,18.8,"Chapter 18, Verse 8",Anyone who gives up prescribed duties as troublesome or out of fear of bodily discomfort is said to have renounced in the mode of passion. Such action never leads to the true fruit of renunciation.
karma,18.9,"Chapter 18, Verse 9","O Arjuna, when one performs their prescribed duty simply because it ought to be done, renouncing all attachment to the action and its fruit, that renunciation is considered to be in the mode of goodne"
karma,2.31,"Chapter 2, Verse 31","Furthermore, considering your own specific duty as a warrior, you should not waver. For a warrior, there is no greater good than fighting in a righteous war."
karma,2.33,"Chapter 2, Verse 33","If, however, you refuse to fight this righteous war, abandoning your own duty and reputation, you will certainly incur sin."
karma,2.47,"Chapter 2, Verse 47","You have the right to perform your actions, but never to the results of those actions. Do not consider yourself the cause of the results of your work, and do not become attached to inaction."
karma,3.30,"Chapter 3, Verse 30","Surrendering all your actions unto Me, with your mind focused on the highest self, free from desire and selfishness, fight without any mental fever."
karma,3.35,"Chapter 3, Verse 35","It is better to perform one’s own duty imperfectly than to perform another’s duty perfectly. Even death in the course of one’s own duty is better, for following another’s path is dangerous."
karma,3.8,"Chapter 3, Verse 8","Perform your prescribed duty, for action is better than inaction. Even the maintenance of your physical body cannot be accomplished without action."
karma,3.9,"Chapter 3, Verse 9","Work must be performed as a sacrifice (Yajna), otherwise all actions cause bondage in this world. Therefore, O son of Kunti, perform your duties for that purpose, completely free from attachment."
karma,4.18,"Chapter 4, Verse 18","One who sees inaction in action, and action in inaction, is intelligent among humans. Such a person is situated in a state of harmony, even while performing all kinds of activities."
karma,4.24,"Chapter 4, Verse 24","The act of offering is Brahman, the offering itself is Brahman, it is offered by Brahman into the fire of Brahman. One who sees Brahman in every aspect of action ultimately attains Brahman."
karma,4.41,"Chapter 4, Verse 41","O Dhananjaya, actions do not bind the one who has renounced actions through yoga, whose doubts have been cut by knowledge, and who is established in self-awareness."
karma,7.1,"Chapter 7, Verse 1","The Supreme Lord said: Now hear, O son of Pritha, how by practicing yoga with your mind fully attached to Me, and taking exclusive refuge in Me, you can know Me completely, free from all doubt."
karma,7.11,"Chapter 7, Verse 11","I am the strength of the strong, devoid of passion and desire. I am sex life which is not contrary to religious principles, O Lord of the Bharatas (Arjuna)."
karma,7.13,"Chapter 7, Verse 13","Deluded by the three modes (goodness, passion and ignorance), the whole world does not know Me, who am above the modes and inexhaustible."
karma,7.14,"Chapter 7, Verse 14","This divine energy of Mine, consisting of the three modes of material nature, is difficult to overcome. But those who have surrendered unto Me can easily cross beyond it."
karma,7.17,"Chapter 7, Verse 17","Of these, the one who is in full knowledge and who is always engaged in pure devotional service is the best. For I am very dear to him, and he is dear to Me."
karma,7.18,"Chapter 7, Verse 18","All these devotees are undoubtedly magnanimous, but he who is situated in knowledge of Me I consider to be just like My own self. Being engaged in My transcendental service, he is sure to attain Me, t"
karma,7.20,"Chapter 7, Verse 20",Those whose intelligence has been stolen by material desires surrender unto demigods and follow the particular rules and regulations of worship according to their own natures.
karma,7.23,"Chapter 7, Verse 23","Men of small intelligence worship the demigods, and their fruits are limited and temporary. Those who worship the demigods go to the planets of the demigods, but My devotees ultimately reach My suprem"
karma,7.25,"Chapter 7, Verse 25","I am never manifest to the foolish and unintelligent. For them I am covered by My internal potency, and therefore they do not know that I am unborn and infallible."
karma,7.28,"Chapter 7, Verse 28","Persons who have acted piously in previous lives and in this life and whose sinful actions are completely eradicated are freed from the dualities of delusion, and they engage themselves in My service "
karma,7.29,"Chapter 7, Verse 29",Intelligent persons who are endeavoring for liberation from old age and death take refuge in Me in devotional service. They are actually Brahman because they entirely know everything about transcenden
karma,7.3,"Chapter 7, Verse 3","Out of many thousands of people, hardly one strives for perfection; and of those who have achieved perfection, hardly one knows Me in truth."
karma,7.9,"Chapter 7, Verse 9","I am the original fragrance of the earth, and I am the heat in fire. I am the life of all that lives, and I am the penances of all ascetics."
karma,8.1,"Chapter 8, Verse 1","Arjuna inquired: O my Lord, O Supreme Person, what is Brahman? What is the self (adhyatma)? What are fruitive activities (karma)? What is this material manifestation (adhibhuta)? And what are the demi"
karma,8.12,"Chapter 8, Verse 12","The yogic situation is that of detachment from all sensual engagements. Closing all the doors of the senses and fixing the mind on the heart and the life air at the top of the head, one establishes hi"
karma,8.22,"Chapter 8, Verse 22","The Supreme Personality of Godhead, who is greater than all, is attainable by unalloyed devotion. Although He is present in His abode, He is all-pervading, and everything is situated within Him."
karma,8.26,"Chapter 8, Verse 26","According to Vedic opinion, there are two ways of passing from this world—one in light and one in darkness. When one passes in light, he does not come back; but when one passes in darkness, he returns"
karma,8.3,"Chapter 8, Verse 3","The Supreme Personality of Godhead said: The indestructible, transcendental living entity is called Brahman, and his eternal nature is called adhyatma, the self. Action pertaining to the development o"
karma,8.5,"Chapter 8, Verse 5","And whoever, at the end of his life, quits his body remembering Me alone at once attains My nature. Of this there is no doubt."
karma,8.8,"Chapter 8, Verse 8","He who meditates on Me as the Supreme Personality of Godhead, his mind constantly engaged in remembering Me, undeviated from the path, he, O Partha, is sure to reach Me."
karma,9.12,"Chapter 9, Verse 12","Those who are thus bewildered embrace a destructive and ignorant nature. In this deluded state, all their hopes, all their actions, and all their knowledge become entirely vain and meaningless."
karma,9.13,"Chapter 9, Verse 13","O son of Pritha, the great souls, who take shelter of the divine nature, worship Me with an unswerving mind, knowing Me to be the original and inexhaustible source of all beings."
karma,9.16,"Chapter 9, Verse 16","I am the ritual, I am the sacrifice, I am the offering to the ancestors, I am the healing herb, I am the mantra. I am the clarified butter, I am the fire, and I am the act of offering."
karma,9.2,"Chapter 9, Verse 2","This knowledge is the king of education, the most profound secret, and the purest of all. It can be understood through direct experience, it is aligned with righteousness, it is everlasting, and it is"
karma,9.20,"Chapter 9, Verse 20","Those who study the three Vedas and drink the Soma juice, seeking purification from sin, worship Me through sacrifices to attain the heavenly planets. Having reached the pious world of Indra, they enj"
karma,9.21,"Chapter 9, Verse 21","Having enjoyed the vast heavenly realms, they return to the mortal world when their accumulated merit is exhausted. Thus, those who follow the rules of the three Vedas, driven by desires for material "
karma,9.22,"Chapter 9, Verse 22","But those who always worship Me with exclusive devotion, meditating on My transcendental form—to them I carry what they lack, and I preserve what they have."
karma,9.24,"Chapter 9, Verse 24",I am the sole enjoyer and the supreme Lord of all sacrifices. But those who do not recognize My true nature in reality fall down.
karma,9.26,"Chapter 9, Verse 26","Whoever offers Me with devotion a leaf, a flower, a fruit, or water, I accept that offering when it is given with sincere devotion by a disciplined and pure-hearted person."
karma,9.27,"Chapter 9, Verse 27","Whatever you do, whatever you eat, whatever you offer in sacrifice, whatever you give in charity, and whatever austerity you perform, O son of Kunti, do that as an offering unto Me."
karma,9.28,"Chapter 9, Verse 28","In this way you will be freed from the bonds of actions that produce good and bad results. With your mind united in the yoga of renunciation, you will become liberated and come to Me."
karma,9.3,"Chapter 9, Verse 3","O conqueror of enemies, persons who lack faith in this path of righteousness do not attain Me. Thus, they return to the continuous cycle of birth and death in this material world."
karma,9.30,"Chapter 9, Verse 30","Even if a person of very improper conduct worships Me with exclusive devotion, he should be considered righteous, because he has made the correct determination."
karma,9.31,"Chapter 9, Verse 31","He quickly becomes righteous and attains lasting peace. O son of Kunti, declare it boldly that My devotee never perishes."
karma,9.33,"Chapter 9, Verse 33","What then can be said of the righteous brahmanas and devoted royal sages. Therefore, having come into this temporary and joyless world, engage in devotion to Me."
karma,9.34,"Chapter 9, Verse 34","Fix your mind on Me, become My devotee, worship Me, and offer your respect to Me. In this way, with your mind fully absorbed in Me and devoted to Me as the supreme goal, you will come to Me."
karma,9.8,"Chapter 9, Verse 8","Entering into My own material nature, I repeatedly create this entire multitude of beings, who are completely helpless under the control of material nature."
karma,9.9,"Chapter 9, Verse 9","O conqueror of wealth (Arjuna), these actions do not bind Me, for I remain situated as if neutral and completely unattached to these activities."
letting go,11.27,"Chapter 11, Verse 27",All the warriors rush into Your terrifying mouths with dreadful teeth. Some are seen trapped between Your teeth with their heads crushed to pieces.
letting go,11.31,"Chapter 11, Verse 31","Tell me who You are in this terrifying form. O supreme among the gods, I offer my obeisance to You. Please be gracious. I desire to understand You, the original being, for I do not comprehend Your pur"
letting go,11.33,"Chapter 11, Verse 33","Therefore arise and gain glory. Conquer your enemies and enjoy a prosperous kingdom. These warriors have already been slain by Me. O skilled archer, you are merely an instrument in this process."
letting go,11.55,"Chapter 11, Verse 55","One who performs actions for Me, who regards Me as the supreme goal, who is devoted to Me, free from attachment, and free from hostility toward all beings, such a person comes to Me, O Arjuna."
letting go,12.12,"Chapter 12, Verse 12","Knowledge is better than mechanical practice, meditation is superior to knowledge, and renouncing the results of actions is greater than meditation. From such renunciation, peace immediately follows."
letting go,12.13,"Chapter 12, Verse 13","One who has no hatred toward any being, who is friendly and compassionate, free from possessiveness and ego, balanced in both happiness and distress, and forgiving in nature, is dear to Me."
letting go,12.17,"Chapter 12, Verse 17","One who neither becomes overly joyful nor hates, neither laments nor desires, and who has renounced attachment to both good and bad outcomes, such a devoted person is dear to Me."
letting go,13.10,"Chapter 13, Verse 10","Non-attachment, absence of entanglement with children, spouse, home, and the rest, and constant even-mindedness amid desirable and undesirable events."
letting go,13.17,"Chapter 13, Verse 17","Although the Supreme Truth appears to be divided among all beings, He is never divided. He is situated as one. Although He is the maintainer of every living entity, it is to be understood that He devo"
letting go,13.19,"Chapter 13, Verse 19","Thus the field of activities, knowledge, and the knowable have been summarily described by Me. Only My devotees can understand this thoroughly and thus attain to My nature."
letting go,13.24,"Chapter 13, Verse 24","One who understands this philosophy concerning material nature, the living entity, and the interaction of the modes of nature is sure to attain liberation. He will not take birth here again, regardles"
letting go,13.9,"Chapter 13, Verse 9","Renunciation of the objects of sense gratification, absence of false ego, the perception of the evil of birth, death, old age and disease."
letting go,14.14,"Chapter 14, Verse 14","When an embodied soul passes away while the mode of goodness is predominant, it attains the pure, higher worlds of those who know the Supreme."
letting go,14.22,"Chapter 14, Verse 22","The Supreme Lord said: O son of Pandu, one who does not hate illumination, activity, and delusion when they are present, nor longs for them when they disappear..."
letting go,15.13,"Chapter 15, Verse 13","I enter into each planet, and by My energy, they stay in orbit. I become the moon and thereby supply the juice of life to all vegetables."
letting go,15.14,"Chapter 15, Verse 14","I am the fire of digestion in the bodies of all living entities, and I join with the incoming and outgoing breaths to digest the four kinds of food."
letting go,15.3,"Chapter 15, Verse 3","The real form of this tree cannot be perceived in this world. No one can understand where it ends, where it begins, or where its foundation is. But with determination, one must cut down this strongly "
letting go,18.4,"Chapter 18, Verse 4","O best of the Bharatas, now hear My conclusive judgment concerning renunciation. O tiger among men, renunciation is declared in the scriptures to be of three kinds."
letting go,18.40,"Chapter 18, Verse 40","There is no being on earth, or even among the demigods in the higher planetary systems, who is freed from these three modes born of material nature."
letting go,18.49,"Chapter 18, Verse 49","One whose intellect is unattached everywhere, who has conquered the self, and who is free from desires, attains by renunciation the supreme state of perfection consisting of freedom from action."
letting go,18.62,"Chapter 18, Verse 62","Surrender unto Him utterly, O descendant of Bharata. By His grace you will attain supreme peace and the eternal abode."
letting go,7.14,"Chapter 7, Verse 14","This divine energy of Mine, consisting of the three modes of material nature, is difficult to overcome. But those who have surrendered unto Me can easily cross beyond it."
letting go,7.24,"Chapter 7, Verse 24","Unintelligent men, who do not know Me perfectly, think that I, the Supreme Personality of Godhead, Krishna, was impersonal before and have now assumed this personality. Due to their small knowledge, t"
letting go,7.26,"Chapter 7, Verse 26","O Arjuna, as the Supreme Personality of Godhead, I know everything that has happened in the past, all that is happening in the present, and all things that are yet to come. I also know all living enti"
letting go,7.6,"Chapter 7, Verse 6",Know that all living beings have their source in these two natures (material and spiritual). I am the origin and the dissolution of the entire universe.
letting go,8.15,"Chapter 8, Verse 15","After attaining Me, the great souls, who are yogis in devotion, never return to this temporary world, which is full of miseries, because they have attained the highest perfection."
letting go,8.18,"Chapter 8, Verse 18","At the beginning of Brahma's day, all living entities become manifest from the unmanifest state, and thereafter, when the night falls, they are merged into the unmanifest again."
letting go,9.19,"Chapter 9, Verse 19","O Arjuna, I radiate heat, and I withhold as well as send forth the rain. I am immortality, and I am also death. Both being and non-being are in Me."
letting go,9.22,"Chapter 9, Verse 22","But those who always worship Me with exclusive devotion, meditating on My transcendental form—to them I carry what they lack, and I preserve what they have."
letting go,9.7,"Chapter 9, Verse 7","O son of Kunti, at the end of the cycle of creation, all beings merge into My material nature. At the beginning of the next cycle, I create them all again."
liberation,13.24,"Chapter 13, Verse 24","One who understands this philosophy concerning material nature, the living entity, and the interaction of the modes of nature is sure to attain liberation. He will not take birth here again, regardles"
liberation,5.26,"Chapter 5, Verse 26","For those who are free from desire and anger, who have disciplined minds and who understand the self, liberation and peace exist both in this life and beyond."
liberation,6.27,"Chapter 6, Verse 27","Supreme happiness comes to the yogi whose mind is peaceful, whose passions are quieted, and who has become pure and established in a state of higher awareness."
life purpose,10.21,"Chapter 10, Verse 21","Among the Adityas I am Vishnu; among sources of light I am the radiant sun. Among the Maruts I am Marichi, and among the stars I am the moon."
life purpose,10.31,"Chapter 10, Verse 31","Among purifiers I am the wind; among warriors I am Rama. Among aquatic creatures I am the Makara, and among rivers I am the Ganges."
life purpose,10.32,"Chapter 10, Verse 32","O Arjuna, among creations I am the beginning, the middle, and the end. Among all branches of knowledge I am the knowledge of the self, and among those who debate I am the reasoning that leads to truth"
life purpose,10.8,"Chapter 10, Verse 8","I am the source of everything, and from Me all creation proceeds. Knowing this, the wise worship Me with deep devotion and understanding."
life purpose,10.9,"Chapter 10, Verse 9","With their minds fixed on Me and their lives devoted to Me, the wise enlighten one another and constantly speak about Me. In doing so, they experience satisfaction and deep joy."
life purpose,11.28,"Chapter 11, Verse 28","Just as many rushing rivers flow toward the ocean, so too these great warriors of the human world are entering Your blazing mouths."
life purpose,12.1,"Chapter 12, Verse 1","Arjuna said: Among those devotees who are constantly devoted to You in personal worship and those who worship the imperishable, unmanifest reality, which of them are considered more perfected in yoga?"
life purpose,12.10,"Chapter 12, Verse 10","If you are unable even to practice steady discipline, then dedicate your actions to Me. By performing actions for My sake, you will attain perfection."
life purpose,13.12,"Chapter 13, Verse 12","Accepting the importance of self-realization, and the philosophical search for the Absolute Truth—all these I declare to be knowledge, and besides this whatever there may be is ignorance."
life purpose,17.22,"Chapter 17, Verse 22","And charity performed at an improper place and time, and given to unworthy persons without respect and with contempt, is said to be in the mode of ignorance."
life purpose,7.8,"Chapter 7, Verse 8","O son of Kunti, I am the taste of water, the light of the sun and the moon, the syllable Om in the Vedic mantras; I am the sound in ether and ability in man."
life purpose,7.9,"Chapter 7, Verse 9","I am the original fragrance of the earth, and I am the heat in fire. I am the life of all that lives, and I am the penances of all ascetics."
life purpose,9.12,"Chapter 9, Verse 12","Those who are thus bewildered embrace a destructive and ignorant nature. In this deluded state, all their hopes, all their actions, and all their knowledge become entirely vain and meaningless."
life purpose,9.26,"Chapter 9, Verse 26","Whoever offers Me with devotion a leaf, a flower, a fruit, or water, I accept that offering when it is given with sincere devotion by a disciplined and pure-hearted person."
life purpose,9.27,"Chapter 9, Verse 27","Whatever you do, whatever you eat, whatever you offer in sacrifice, whatever you give in charity, and whatever austerity you perform, O son of Kunti, do that as an offering unto Me."
lust,2.15,"Chapter 2, Verse 15","O best among men, the person who is not disturbed by happiness and distress and is steady in both is certainly eligible for liberation."
lust,2.62,"Chapter 2, Verse 62","When a person constantly thinks about sense objects, attachment to them develops. From attachment arises desire, and from desire comes anger."
lust,3.40,"Chapter 3, Verse 40","The senses, the mind, and the intellect are said to be the places where this desire resides. Through them, it covers knowledge and confuses the embodied person."
lust,3.43,"Chapter 3, Verse 43","Thus knowing the Self to be superior to the intellect, steady the mind by the Self, O mighty-armed Arjuna, and conquer this difficult enemy in the form of desire."
meaning,10.21,"Chapter 10, Verse 21","Among the Adityas I am Vishnu; among sources of light I am the radiant sun. Among the Maruts I am Marichi, and among the stars I am the moon."
meaning,10.31,"Chapter 10, Verse 31","Among purifiers I am the wind; among warriors I am Rama. Among aquatic creatures I am the Makara, and among rivers I am the Ganges."
meaning,10.32,"Chapter 10, Verse 32","O Arjuna, among creations I am the beginning, the middle, and the end. Among all branches of knowledge I am the knowledge of the self, and among those who debate I am the reasoning that leads to truth"
meaning,10.8,"Chapter 10, Verse 8","I am the source of everything, and from Me all creation proceeds. Knowing this, the wise worship Me with deep devotion and understanding."
meaning,10.9,"Chapter 10, Verse 9","With their minds fixed on Me and their lives devoted to Me, the wise enlighten one another and constantly speak about Me. In doing so, they experience satisfaction and deep joy."
meaning,11.28,"Chapter 11, Verse 28","Just as many rushing rivers flow toward the ocean, so too these great warriors of the human world are entering Your blazing mouths."
meaning,12.1,"Chapter 12, Verse 1","Arjuna said: Among those devotees who are constantly devoted to You in personal worship and those who worship the imperishable, unmanifest reality, which of them are considered more perfected in yoga?"
meaning,12.10,"Chapter 12, Verse 10","If you are unable even to practice steady discipline, then dedicate your actions to Me. By performing actions for My sake, you will attain perfection."
meaning,13.12,"Chapter 13, Verse 12","Accepting the importance of self-realization, and the philosophical search for the Absolute Truth—all these I declare to be knowledge, and besides this whatever there may be is ignorance."
meaning,17.22,"Chapter 17, Verse 22","And charity performed at an improper place and time, and given to unworthy persons without respect and with contempt, is said to be in the mode of ignorance."
meaning,7.8,"Chapter 7, Verse 8","O son of Kunti, I am the taste of water, the light of the sun and the moon, the syllable Om in the Vedic mantras; I am the sound in ether and ability in man."
meaning,7.9,"Chapter 7, Verse 9","I am the original fragrance of the earth, and I am the heat in fire. I am the life of all that lives, and I am the penances of all ascetics."
meaning,9.12,"Chapter 9, Verse 12","Those who are thus bewildered embrace a destructive and ignorant nature. In this deluded state, all their hopes, all their actions, and all their knowledge become entirely vain and meaningless."
meaning,9.26,"Chapter 9, Verse 26","Whoever offers Me with devotion a leaf, a flower, a fruit, or water, I accept that offering when it is given with sincere devotion by a disciplined and pure-hearted person."
meaning,9.27,"Chapter 9, Verse 27","Whatever you do, whatever you eat, whatever you offer in sacrifice, whatever you give in charity, and whatever austerity you perform, O son of Kunti, do that as an offering unto Me."
mental health,18.62,"Chapter 18, Verse 62","Surrender unto Him utterly, O descendant of Bharata. By His grace you will attain supreme peace and the eternal abode."
mental health,18.77,"Chapter 18, Verse 77","O King, as I remember that most wonderful form of Lord Krishna, I am struck with even greater wonder, and I rejoice again and again."
mind control,10.1,"Chapter 10, Verse 1","The Blessed Lord said: Again, O mighty-armed Arjuna, hear My supreme words. Because you are dear to Me, I will speak what is for your highest welfare."
mind control,10.10,"Chapter 10, Verse 10","To those who are constantly devoted to Me and who worship Me with love, I give the understanding by which they can come to Me."
mind control,10.11,"Chapter 10, Verse 11","Out of compassion for them, I dwell within their consciousness and destroy the darkness born of ignorance with the shining lamp of knowledge."
mind control,10.12,"Chapter 10, Verse 12","Arjuna said: You are the Supreme Reality, the supreme refuge, the purest, the eternal divine person, the original source of the gods, unborn and all-pervading."
mind control,10.14,"Chapter 10, Verse 14","O Krishna, I accept as true everything You have told me. Neither the gods nor the demons fully understand Your true nature."
mind control,10.17,"Chapter 10, Verse 17","O Krishna, how should I understand You while constantly contemplating You? In what various forms or aspects should I think of You?"
mind control,10.18,"Chapter 10, Verse 18","O Janardana, please describe again in detail Your divine power and manifestations. Hearing Your words is like nectar, and I can never become satisfied by listening to them."
mind control,10.20,"Chapter 10, Verse 20","O Arjuna, conqueror of sleep, I am the Self seated in the hearts of all beings. I am the beginning, the middle, and also the end of all living beings."
mind control,10.21,"Chapter 10, Verse 21","Among the Adityas I am Vishnu; among sources of light I am the radiant sun. Among the Maruts I am Marichi, and among the stars I am the moon."
mind control,10.22,"Chapter 10, Verse 22","Among the Vedas I am the Sama Veda; among the gods I am Indra. Among the senses I am the mind, and among all living beings I am consciousness."
mind control,10.23,"Chapter 10, Verse 23","Among the Rudras I am Shankara; among the Yakshas and Rakshasas I am Kubera, the lord of wealth. Among the Vasus I am Pavaka, and among mountains I am Meru."
mind control,10.25,"Chapter 10, Verse 25","Among the great sages I am Bhrigu; among sounds I am the single sacred syllable Om. Among sacrifices I am the sacrifice of silent repetition, and among immovable things I am the Himalayas."
mind control,10.3,"Chapter 10, Verse 3","One who knows Me as unborn, without beginning, and as the supreme Lord of all worlds, such a person among mortals is free from delusion and is released from all sinful reactions."
mind control,10.31,"Chapter 10, Verse 31","Among purifiers I am the wind; among warriors I am Rama. Among aquatic creatures I am the Makara, and among rivers I am the Ganges."
mind control,10.32,"Chapter 10, Verse 32","O Arjuna, among creations I am the beginning, the middle, and the end. Among all branches of knowledge I am the knowledge of the self, and among those who debate I am the reasoning that leads to truth"
mind control,10.34,"Chapter 10, Verse 34","I am death, the destroyer of all, and I am also the origin of all that will come into existence. Among feminine qualities I am fame, prosperity, speech, memory, intelligence, steadfastness, and patien"
mind control,10.37,"Chapter 10, Verse 37","Among the Vrishnis I am Vasudeva; among the Pandavas I am Dhananjaya. Among sages I am Vyasa, and among poets I am Ushana the seer."
mind control,10.4,"Chapter 10, Verse 4","Intelligence, knowledge, freedom from confusion, forgiveness, truthfulness, control of the senses, control of the mind, happiness and distress, birth and death, fear and fearlessness all arise from Me"
mind control,10.40,"Chapter 10, Verse 40","O mighty warrior, there is no end to My divine manifestations. What I have described to you is only a brief indication of their vastness."
mind control,10.6,"Chapter 10, Verse 6","The seven great sages, the four ancient sages, and the Manus were born from My mind. From them have come all the living beings of this world."
mind control,10.7,"Chapter 10, Verse 7",One who truly understands My divine manifestations and the power by which I sustain the universe becomes firmly established in spiritual union with Me. Of this there is no doubt.
mind control,10.8,"Chapter 10, Verse 8","I am the source of everything, and from Me all creation proceeds. Knowing this, the wise worship Me with deep devotion and understanding."
mind control,10.9,"Chapter 10, Verse 9","With their minds fixed on Me and their lives devoted to Me, the wise enlighten one another and constantly speak about Me. In doing so, they experience satisfaction and deep joy."
mind control,11.1,"Chapter 11, Verse 1","Arjuna said: By Your grace You have spoken to me the supreme and confidential knowledge concerning the self. Through these words, my confusion has now been dispelled."
mind control,11.10,"Chapter 11, Verse 10","Arjuna saw a form with many mouths and eyes, filled with many astonishing visions, adorned with numerous divine ornaments, and holding many uplifted celestial weapons."
mind control,11.14,"Chapter 11, Verse 14","Then Arjuna, filled with wonder and amazement, his hair standing on end, bowed his head to the Lord with folded hands and began to speak."
mind control,11.16,"Chapter 11, Verse 16","I see Your form everywhere, with many arms, stomachs, mouths, and eyes. O Lord of the universe, I see Your infinite form, but I cannot perceive any end, middle, or beginning of it."
mind control,11.2,"Chapter 11, Verse 2","O lotus-eyed Krishna, I have heard from You in detail about the origin and dissolution of all beings, and also about Your imperishable greatness."
mind control,11.21,"Chapter 11, Verse 21","All the hosts of gods are entering into You. Some of them, in great fear, are offering prayers with folded hands. Groups of great sages and perfected beings are crying out 'May there be peace,' and th"
mind control,11.24,"Chapter 11, Verse 24","Seeing Your form touching the sky, shining with many colors, with wide open mouths and blazing eyes, my inner self trembles with fear. O Vishnu, I find no steadiness or peace of mind."
mind control,11.25,"Chapter 11, Verse 25","Seeing Your terrifying mouths with dreadful fangs, blazing like the fires of destruction, I lose all sense of direction and find no peace. O Lord of the gods, O refuge of the universe, please be graci"
mind control,11.27,"Chapter 11, Verse 27",All the warriors rush into Your terrifying mouths with dreadful teeth. Some are seen trapped between Your teeth with their heads crushed to pieces.
mind control,11.28,"Chapter 11, Verse 28","Just as many rushing rivers flow toward the ocean, so too these great warriors of the human world are entering Your blazing mouths."
mind control,11.3,"Chapter 11, Verse 3","O Supreme Lord, what You have said about Yourself is indeed true. Yet I desire to see Your divine form, O Supreme Person."
mind control,11.34,"Chapter 11, Verse 34","Drona, Bhishma, Jayadratha, Karna, and many other great warriors have already been slain by Me. Therefore defeat them and do not be disturbed. Fight, and you will conquer your enemies in battle."
mind control,11.37,"Chapter 11, Verse 37","O great soul, why should they not bow to You? You are greater even than Brahma, the original creator. O infinite Lord of the gods, refuge of the universe, You are the imperishable reality beyond both "
mind control,11.39,"Chapter 11, Verse 39","You are Vayu, Yama, Agni, Varuna, and the Moon. You are Prajapati and the great ancestor as well. I offer my repeated obeisances to You thousands of times, and again and again I bow before You."
mind control,11.40,"Chapter 11, Verse 40","I offer my obeisances to You from the front, from behind, and from all sides. O all-pervading Lord, You possess infinite power and immeasurable strength. You pervade everything, and therefore You are "
mind control,11.41,"Chapter 11, Verse 41","Thinking of You as my friend, I rashly addressed You as ‘O Krishna,’ ‘O Yadava,’ and ‘O friend.’ Not knowing Your true greatness, whatever I said in carelessness or affection, I now ask forgiveness fo"
mind control,11.42,"Chapter 11, Verse 42","And if, in jest, I have ever shown You disrespect while playing, resting, sitting together, or eating, whether alone or in the presence of others, O Achyuta, I ask Your forgiveness for all of it, O im"
mind control,11.43,"Chapter 11, Verse 43","You are the father of the entire universe, of all that moves and does not move. You are its most worthy object of worship and the greatest teacher. No one is equal to You, and how could anyone be grea"
mind control,11.44,"Chapter 11, Verse 44","Therefore, bowing down and prostrating my body before You, I seek Your grace, O worshipable Lord. Just as a father forgives a son, a friend forgives a friend, and a beloved forgives the beloved, O Lor"
mind control,11.45,"Chapter 11, Verse 45","Seeing this form which I had never seen before, I am filled with joy, yet my mind is also greatly disturbed with fear. Therefore, O Lord of the gods, O refuge of the universe, please show me again You"
mind control,11.46,"Chapter 11, Verse 46","I wish to see You again in Your familiar form, with a crown, holding a mace and a discus. O thousand-armed universal form, please appear again in that four-armed form."
mind control,11.47,"Chapter 11, Verse 47","The Supreme Lord said: Out of My grace, O Arjuna, I have shown you this supreme form through My own divine power. This radiant, universal, infinite, and original form of Mine has never been seen befor"
mind control,11.49,"Chapter 11, Verse 49","Do not be afraid or confused after seeing this terrifying form of Mine. Free from fear and with a peaceful mind, behold again My familiar form."
mind control,11.5,"Chapter 11, Verse 5","The Blessed Lord said: O Arjuna, behold My divine forms in hundreds and thousands, of many kinds, with various colors and shapes."
mind control,11.50,"Chapter 11, Verse 50","Sanjaya said: After speaking in this way to Arjuna, Vasudeva again showed His own gentle form. The great soul then comforted the frightened Arjuna by appearing once more in His calm and pleasing appea"
mind control,11.51,"Chapter 11, Verse 51","Arjuna said: O Janardana, seeing Your gentle human form again, my mind has become calm. I have regained my awareness and returned to my normal state."
mind control,11.52,"Chapter 11, Verse 52",The Supreme Lord said: This form of Mine which you have seen is extremely difficult to behold. Even the gods constantly long to see this form.
mind control,11.54,"Chapter 11, Verse 54","But by undivided devotion, O Arjuna, I can truly be known, seen in reality, and entered into. Through such devotion one can understand Me as I am, O conqueror of enemies."
mind control,11.55,"Chapter 11, Verse 55","One who performs actions for Me, who regards Me as the supreme goal, who is devoted to Me, free from attachment, and free from hostility toward all beings, such a person comes to Me, O Arjuna."
mind control,11.6,"Chapter 11, Verse 6","Behold the Adityas, the Vasus, the Rudras, the Ashvins, and the Maruts. See many wonders that you have never seen before, O descendant of Bharata."
mind control,11.7,"Chapter 11, Verse 7","O Arjuna, behold within My body the entire universe, with all that moves and does not move, assembled together in one place. You will also see whatever else you wish to see."
mind control,11.8,"Chapter 11, Verse 8",But you cannot see Me with your ordinary eyes. Therefore I give you divine vision. Behold My supreme mystic power.
mind control,12.10,"Chapter 12, Verse 10","If you are unable even to practice steady discipline, then dedicate your actions to Me. By performing actions for My sake, you will attain perfection."
mind control,12.11,"Chapter 12, Verse 11","If you are unable to act for My sake, then practice renouncing the results of all your actions with self-control."
mind control,12.12,"Chapter 12, Verse 12","Knowledge is better than mechanical practice, meditation is superior to knowledge, and renouncing the results of actions is greater than meditation. From such renunciation, peace immediately follows."
mind control,12.13,"Chapter 12, Verse 13","One who has no hatred toward any being, who is friendly and compassionate, free from possessiveness and ego, balanced in both happiness and distress, and forgiving in nature, is dear to Me."
mind control,12.14,"Chapter 12, Verse 14","One who is always content, self-disciplined, firmly determined, and whose mind and intellect are dedicated to Me, such a devotee is dear to Me."
mind control,12.15,"Chapter 12, Verse 15","One by whom the world is not disturbed and who is not disturbed by the world, who is free from excessive joy, anger, fear, and agitation, such a person is dear to Me."
mind control,12.17,"Chapter 12, Verse 17","One who neither becomes overly joyful nor hates, neither laments nor desires, and who has renounced attachment to both good and bad outcomes, such a devoted person is dear to Me."
mind control,12.18,"Chapter 12, Verse 18","One who remains equal toward friend and enemy, balanced in honor and dishonor, and steady in heat and cold, pleasure and pain, free from attachment, such a person is dear to Me."
mind control,12.19,"Chapter 12, Verse 19","One who regards praise and criticism equally, who is thoughtful and restrained in speech, content with whatever comes, unattached to fixed possessions or residence, steady in mind and devoted, such a "
mind control,12.2,"Chapter 12, Verse 2",The Supreme Lord said: Those who fix their minds on Me and constantly worship Me with deep faith are considered by Me to be the most perfectly united in yoga.
mind control,12.20,"Chapter 12, Verse 20","Those who follow this path of righteous wisdom as described, with faith and with Me as their supreme goal, such devoted individuals are exceedingly dear to Me."
mind control,12.3,"Chapter 12, Verse 3","But those who worship the imperishable, indefinable, unmanifest reality, which is all-pervading, inconceivable, unchanging, immovable, and eternal, also engage in a path of spiritual discipline."
mind control,12.4,"Chapter 12, Verse 4","Those who control their senses, remain balanced in all situations, and are dedicated to the welfare of all beings also ultimately reach Me."
mind control,12.5,"Chapter 12, Verse 5","For those whose minds are attached to the unmanifest reality, the path is more difficult. For embodied beings, reaching the unmanifest goal is very challenging."
mind control,12.6,"Chapter 12, Verse 6","But those who dedicate all their actions to Me, who regard Me as their supreme goal, and who worship Me while meditating on Me with single-minded focus, follow a path of devotion."
mind control,12.7,"Chapter 12, Verse 7","For those whose minds are fully absorbed in Me, O Arjuna, I become their deliverer from the ocean of birth and death, and I quickly lift them out of the cycle of worldly existence."
mind control,12.8,"Chapter 12, Verse 8","Fix your mind on Me alone and place your intelligence in Me. Then you will live in Me always, without any doubt."
mind control,12.9,"Chapter 12, Verse 9","If you are unable to steadily fix your mind on Me, then try to reach Me through the practice of repeated discipline, O Arjuna."
mind control,13.1,"Chapter 13, Verse 1","Arjuna said: O Krishna, I wish to understand Prakriti (nature) and Purusha (the enjoyer), as well as the field and the knower of the field, along with knowledge and the object of knowledge."
mind control,13.10,"Chapter 13, Verse 10","Non-attachment, absence of entanglement with children, spouse, home, and the rest, and constant even-mindedness amid desirable and undesirable events."
mind control,13.11,"Chapter 13, Verse 11","Constant and unalloyed devotion to Me, aspiring to live in a solitary place, and detachment from the general mass of people."
mind control,13.12,"Chapter 13, Verse 12","Accepting the importance of self-realization, and the philosophical search for the Absolute Truth—all these I declare to be knowledge, and besides this whatever there may be is ignorance."
mind control,13.13,"Chapter 13, Verse 13","I shall now explain that which is to be known, knowing which one tastes the eternal. The Supreme Brahman is beginningless and is said to be neither existent (sat) nor non-existent (asat) in the materi"
mind control,13.15,"Chapter 13, Verse 15","The Supreme Truth shines through the functions of all the senses, yet is devoid of the senses; He is unattached, yet supports everything; He is free from the modes of nature, yet is the experiencer of"
mind control,13.16,"Chapter 13, Verse 16","The Supreme Truth exists outside and inside of all living beings, the moving and the nonmoving. Because He is subtle, He is beyond the power of the material senses to see or to know. Although far, far"
mind control,13.17,"Chapter 13, Verse 17","Although the Supreme Truth appears to be divided among all beings, He is never divided. He is situated as one. Although He is the maintainer of every living entity, it is to be understood that He devo"
mind control,13.18,"Chapter 13, Verse 18","He is the source of light in all luminous objects. He is beyond the darkness of matter and is unmanifested. He is knowledge, the object of knowledge, and the goal of knowledge. He is situated in every"
mind control,13.19,"Chapter 13, Verse 19","Thus the field of activities, knowledge, and the knowable have been summarily described by Me. Only My devotees can understand this thoroughly and thus attain to My nature."
mind control,13.2,"Chapter 13, Verse 2","The Supreme Lord said: This body, O son of Kunti, is called the field (kshetra), and one who knows this body is called the knower of the field (kshetrajna) by those who understand these things."
mind control,13.20,"Chapter 13, Verse 20",Understand that material nature (Prakriti) and the conscious experiencer (Purusha) are both without beginning. Their transformations and the modes of matter are entirely products of material nature.
mind control,13.21,"Chapter 13, Verse 21","Material nature (Prakriti) is said to be the cause of all material activities and effects, whereas the conscious entity (Purusha) is the cause of the various experiences of happiness and distress."
mind control,13.22,"Chapter 13, Verse 22",The living entity (Purusha) situated in material nature (Prakriti) thus experiences the qualities (gunas) born of material nature. It is this attachment to the modes of nature that is the cause of its
mind control,13.23,"Chapter 13, Verse 23","Yet in this body there is another, a transcendental enjoyer, who is the Lord, the supreme proprietor, who exists as the overseer and permitter, and who is known as the Supersoul."
mind control,13.24,"Chapter 13, Verse 24","One who understands this philosophy concerning material nature, the living entity, and the interaction of the modes of nature is sure to attain liberation. He will not take birth here again, regardles"
mind control,13.25,"Chapter 13, Verse 25","Some perceive the Supersoul within themselves through meditation, others through the cultivation of knowledge, and still others through working without fruitive desires."
mind control,13.29,"Chapter 13, Verse 29",One who sees the same Supreme Lord situated everywhere in every living being does not degrade himself by his mind and thus reaches the supreme destination.
mind control,13.3,"Chapter 13, Verse 3","O scion of Bharata, you should understand that I am also the knower in all bodies, and to understand this body and its knower is called knowledge. That is My opinion."
mind control,13.30,"Chapter 13, Verse 30","One who can see that all activities are performed by the body, which is a creation of material nature, and sees that the self does nothing, actually sees."
mind control,13.32,"Chapter 13, Verse 32","Those with the vision of eternity can see that the imperishable soul is transcendental, eternal, and beyond the modes of nature. Despite contact with the material body, O Arjuna, the soul neither acts"
mind control,13.33,"Chapter 13, Verse 33","The sky, due to its subtle nature, although all-pervading, does not mix with anything; similarly, the soul, situated in the body, does not mix with the body."
mind control,13.35,"Chapter 13, Verse 35","Those who see with eyes of knowledge the difference between the body and the knower of the body, and who can also understand the process of liberation from bondage in material nature, attain to the su"
mind control,13.4,"Chapter 13, Verse 4","Now please hear in brief from Me what this field of activity is, what its nature is, what its changes are, where it comes from, who that knower of the field is, and what his influences are."
mind control,13.5,"Chapter 13, Verse 5",This knowledge of the field of activities and the knower of activities has been described by various sages in various Vedic hymns. It is especially presented in the Vedanta-sutra with all logic regard
mind control,13.6,"Chapter 13, Verse 6","The five great elements, false ego, intelligence, the unmanifest, the ten senses and the mind, and the five objects of the senses."
mind control,13.7,"Chapter 13, Verse 7","Desire, hatred, happiness, distress, the aggregate, the life symptoms, and convictions—all these are considered, in summary, to be the field of activities and its interactions."
mind control,13.8,"Chapter 13, Verse 8","Humility, pridelessness, nonviolence, tolerance, simplicity, approaching a bona fide spiritual master, cleanliness, steadiness, and self-control;"
mind control,13.9,"Chapter 13, Verse 9","Renunciation of the objects of sense gratification, absence of false ego, the perception of the evil of birth, death, old age and disease."
mind control,14.1,"Chapter 14, Verse 1","The Supreme Lord said: I shall again reveal to you the supreme wisdom, the best of all knowledge, knowing which all the sages have attained the highest perfection."
mind control,14.10,"Chapter 14, Verse 10","Sometimes the mode of goodness becomes prominent, defeating the modes of passion and ignorance, O son of Bharata. Sometimes the mode of passion defeats goodness and ignorance, and at other times ignor"
mind control,14.11,"Chapter 14, Verse 11","When the light of knowledge illuminates all the gates of the body, then one should know that the mode of goodness is predominant."
mind control,14.12,"Chapter 14, Verse 12","O chief of the Bharatas, when the mode of passion increases, the symptoms of greed, intense outward activity, the undertaking of selfish projects, severe restlessness, and uncontrollable craving devel"
mind control,14.13,"Chapter 14, Verse 13","O son of Kuru, when the mode of ignorance increases, darkness, inactivity, negligence, and delusion are manifested."
mind control,14.14,"Chapter 14, Verse 14","When an embodied soul passes away while the mode of goodness is predominant, it attains the pure, higher worlds of those who know the Supreme."
mind control,14.15,"Chapter 14, Verse 15","When one dies in the mode of passion, they are born among those attached to fruitive activities; and when one dies in the mode of ignorance, they are born in the deluded species."
mind control,14.16,"Chapter 14, Verse 16","The result of righteous action is said to be pure and in the mode of goodness. But action done in the mode of passion results in misery, and action performed in the mode of ignorance results in delusi"
mind control,14.17,"Chapter 14, Verse 17","From the mode of goodness, real knowledge develops; from the mode of passion, greed develops; and from the mode of ignorance develop negligence, delusion, and foolishness."
mind control,14.18,"Chapter 14, Verse 18",Those situated in the mode of goodness go upward; those in the mode of passion remain in the middle; and those in the abominable mode of ignorance go downward.
mind control,14.19,"Chapter 14, Verse 19","When one properly sees that in all activities no other performer is at work than these modes of nature, and knows the Supreme who is beyond all these modes, they attain My spiritual nature."
mind control,14.21,"Chapter 14, Verse 21","Arjuna inquired: O Lord, by what symptoms is one known who has transcended these three modes of nature? What is their behavior? And how does one transcend these three modes?"
mind control,14.22,"Chapter 14, Verse 22","The Supreme Lord said: O son of Pandu, one who does not hate illumination, activity, and delusion when they are present, nor longs for them when they disappear..."
mind control,14.23,"Chapter 14, Verse 23","Seated like an unconcerned witness, one who is not disturbed by the material modes, who remains firm and does not waver, knowing that only the modes are active..."
mind control,14.24,"Chapter 14, Verse 24","One who is situated in the self and is equal in distress and happiness; who looks upon a clod of dirt, a stone, and a piece of gold with an equal eye; who is equal toward the desirable and the undesir"
mind control,14.25,"Chapter 14, Verse 25","One who is equal in honor and dishonor, who treats friend and foe alike, and who has renounced all ego-driven undertakings—such a person is said to have transcended the modes of nature."
mind control,14.26,"Chapter 14, Verse 26",And one who serves Me with unswerving devotion transcends these three modes of nature and becomes eligible to attain the level of the Supreme.
mind control,14.27,"Chapter 14, Verse 27","And I am the basis of the formless Brahman, the immortal and imperishable, of eternal dharma, and of unending absolute bliss."
mind control,14.3,"Chapter 14, Verse 3","The total material nature is My womb. I place the seed of life within it, and from this, O descendant of Bharata, all living beings are born."
mind control,14.4,"Chapter 14, Verse 4","O son of Kunti, of all the forms of life that are born in all species, the great material nature is the womb, and I am the seed-giving father."
mind control,14.5,"Chapter 14, Verse 5","Material nature consists of three modes: goodness (sattva), passion (rajas), and ignorance (tamas). These modes condition and bind the eternal, imperishable soul to the physical body, O mighty-armed o"
mind control,14.6,"Chapter 14, Verse 6","Of these, the mode of goodness, being pure, is illuminating and free from disease. It binds the soul by attachment to happiness and attachment to knowledge, O sinless one."
mind control,14.7,"Chapter 14, Verse 7","O son of Kunti, know that the mode of passion is characterized by intense craving, born of unlimited desires and longings. It binds the embodied soul through attachment to the results of action."
mind control,14.8,"Chapter 14, Verse 8","O son of Bharata, know that the mode of ignorance, born of darkness, is the delusion of all embodied beings. It binds the soul by negligence, laziness, and excessive sleep."
mind control,14.9,"Chapter 14, Verse 9","O son of Bharata, the mode of goodness conditions one to happiness; passion conditions one to fruitive action; and ignorance, covering one's knowledge, binds one to negligence and delusion."
mind control,15.10,"Chapter 15, Verse 10","The foolish cannot understand how a living entity quits their body, nor can they understand what they enjoy while under the spell of the modes of nature. But one who has the eyes of knowledge can see "
mind control,15.11,"Chapter 15, Verse 11","The endeavoring yogis, who are situated in self-realization, can clearly see this truth established within themselves. But those whose minds are unpurified and lack self-awareness cannot see it, even "
mind control,15.12,"Chapter 15, Verse 12","The splendor of the sun, which illuminates the entire world, comes from Me. And the splendor of the moon and the splendor of fire are also from Me."
mind control,15.13,"Chapter 15, Verse 13","I enter into each planet, and by My energy, they stay in orbit. I become the moon and thereby supply the juice of life to all vegetables."
mind control,15.15,"Chapter 15, Verse 15","I am seated in everyone's heart, and from Me come remembrance, knowledge, and forgetfulness. By all the Vedas, I am to be known. Indeed, I am the compiler of Vedanta, and I am the knower of the Vedas."
mind control,15.17,"Chapter 15, Verse 17","Besides these two, there is the greatest living personality, the Supreme Soul, the imperishable Lord Himself, who has entered the three worlds and is maintaining them."
mind control,15.18,"Chapter 15, Verse 18","Because I am transcendental, beyond both the perishable and the imperishable, and because I am the greatest, I am celebrated both in the world and in the Vedas as that Supreme Person."
mind control,15.19,"Chapter 15, Verse 19","Whoever knows Me as the Supreme Person, without doubting, is the knower of everything. He, therefore, engages himself in wholehearted service to Me, O son of Bharata."
mind control,15.3,"Chapter 15, Verse 3","The real form of this tree cannot be perceived in this world. No one can understand where it ends, where it begins, or where its foundation is. But with determination, one must cut down this strongly "
mind control,15.5,"Chapter 15, Verse 5","Those who are free from false prestige, illusion, and the fault of attachment, who are eternally situated in the understanding of the self, who are freed from selfish desires, and who are liberated fr"
mind control,15.7,"Chapter 15, Verse 7","The living entities in this conditioned world are My eternal fragmental parts. Due to conditioned life, they are struggling very hard with the six senses, which include the mind."
mind control,15.8,"Chapter 15, Verse 8","When the living entity (the lord of the body) acquires a body or departs from one, he takes the mind and the senses with him, just as the wind carries fragrances from their sources."
mind control,15.9,"Chapter 15, Verse 9","Taking a new body, the living entity acquires a specific set of ears, eyes, skin, tongue, and nose, all clustered around the mind. Through these, it experiences a particular set of sense objects."
mind control,16.1,"Chapter 16, Verse 1",The Supreme Lord said: Fearlessness; purification of one's existence; cultivation of spiritual knowledge; charity; self-control; performance of sacrifice; study of the Vedas; austerity; and simplicity
mind control,16.10,"Chapter 16, Verse 10","Taking shelter of insatiable lust and absorbed in the conceit of pride and false prestige, the demoniac, thus disillusioned, are always sworn to unclean work, attracted by the impermanent."
mind control,16.13,"Chapter 16, Verse 13","The demoniac person thinks: 'So much wealth do I have today, and I will gain more according to my schemes. So much is mine now, and it will increase in the future, more and more.'"
mind control,16.14,"Chapter 16, Verse 14","The demoniac person thinks: 'This enemy has been slain by me, and I shall kill the others also! I am the lord of all. I am the enjoyer. I am perfect, powerful and happy.'"
mind control,16.16,"Chapter 16, Verse 16","Thus perplexed by various anxieties and bound by a network of illusions, they become too strongly attached to sense enjoyment and fall down into hell."
mind control,16.17,"Chapter 16, Verse 17","Self-complacent and always impudent, deluded by wealth and false prestige, they sometimes perform sacrifices in name only, for show, without following any rules or regulations."
mind control,16.18,"Chapter 16, Verse 18","Bewildered by false ego, strength, pride, lust and anger, the demoniac person becomes envious of the Supreme Personality of Godhead, who is situated in his own body and in as well as in the bodies of "
mind control,16.19,"Chapter 16, Verse 19","Those who are envious and mischievous, who are the lowest among men, I perpetually cast into the ocean of material existence, into various demoniac species of life."
mind control,16.20,"Chapter 16, Verse 20","Attaining repeated birth amongst the species of demoniac life, O son of Kunti, such persons can never approach Me. Gradually they sink down to the most abominable type of existence."
mind control,16.21,"Chapter 16, Verse 21","There are three gates leading to this hell—lust, anger and greed. Every sane man should give these up, for they lead to the degradation of the soul."
mind control,16.22,"Chapter 16, Verse 22","The man who has escaped these three gates of hell, O son of Kunti, performs acts conducive to self-realization and thus gradually attains the supreme destination."
mind control,16.23,"Chapter 16, Verse 23","He who discards scriptural injunctions and acts according to his own whims attains neither perfection, nor happiness, nor the supreme goal."
mind control,16.5,"Chapter 16, Verse 5","The divine qualities are considered conducive to liberation, whereas the demoniac qualities lead to bondage. Do not grieve, O son of Pandu, for you are born with the divine qualities."
mind control,16.6,"Chapter 16, Verse 6","O son of Pritha, in this world there are two kinds of created beings. One is called the divine and the other demoniac. I have already explained at length the divine qualities. Now hear from Me of the "
mind control,16.7,"Chapter 16, Verse 7",Those who are demoniac do not know what is to be done and what is not to be done. Neither cleanliness nor proper behavior nor truth is found in them.
mind control,16.9,"Chapter 16, Verse 9","Following such conclusions, the demoniac persons, who are lost to themselves and who have no intelligence, engage in unbeneficial, horrible works meant to destroy the world."
mind control,17.10,"Chapter 17, Verse 10","Food prepared more than three hours before being eaten, food which is tasteless, decomposed and putrid, and food consisting of remnants and untouchable things is dear to those in the mode of ignorance"
mind control,17.11,"Chapter 17, Verse 11","Of sacrifices, the sacrifice performed according to the directions of scripture, as a matter of duty, by those who desire no reward, is of the nature of goodness."
mind control,17.14,"Chapter 17, Verse 14","Austerity of the body consists in worship of the Supreme Lord, the wise, the spiritual master, and superiors like the father and mother, and in cleanliness, simplicity, celibacy and nonviolence."
mind control,17.15,"Chapter 17, Verse 15","Austerity of speech consists in speaking words that are truthful, pleasing, beneficial, and not agitating to others, and also in regularly reciting Vedic literature."
mind control,17.16,"Chapter 17, Verse 16","And satisfaction, simplicity, gravity, self-control and purification of one's existence are the austerities of the mind."
mind control,17.17,"Chapter 17, Verse 17","This threefold austerity, performed with supreme faith by men who do not desire rewards and are in union with the Divine, is said to be in the mode of goodness."
mind control,17.21,"Chapter 17, Verse 21","But charity performed with the expectation of some return, or with a desire for fruits, or in a grudging mood, is said to be in the mode of passion."
mind control,17.23,"Chapter 17, Verse 23","From the beginning of creation, the three words 'Om Tat Sat' have been used to indicate the Supreme Ultimate Reality. These three symbolic representations were used by the knowers of the Absolute whil"
mind control,17.24,"Chapter 17, Verse 24","Therefore, by uttering the word 'Om', the acts of sacrifice, charity and penance, as enjoined in the scriptures, are always begun by the students of the Absolute."
mind control,17.25,"Chapter 17, Verse 25","One should perform various kinds of sacrifice, penance and charity with the word 'Tat' and without desiring the results. Such activities are performed by those who seek liberation from material entang"
mind control,17.3,"Chapter 17, Verse 3","O descendant of Bharata, the faith of all beings is in accordance with their nature. A person is made of their faith; as their faith is, so they are."
mind control,17.4,"Chapter 17, Verse 4",Those in the mode of goodness worship the demigods; those in the mode of passion worship the demons; and those in the mode of ignorance worship ghosts and spirits.
mind control,17.6,"Chapter 17, Verse 6",Senselessly torturing the elements of the body and also Me who dwells within it—know such people to be of demoniac resolve.
mind control,17.7,"Chapter 17, Verse 7","Even the food each person prefers is of three kinds, according to the three modes of material nature. The same is true of sacrifices, austerities and charity. Now hear of the distinctions between them"
mind control,17.8,"Chapter 17, Verse 8","Foods that increase longevity, virtue, strength, health, happiness and satisfaction are characteristic of the mode of goodness. Such foods are juicy, fatty, wholesome, and pleasing to the heart."
mind control,17.9,"Chapter 17, Verse 9","Foods that are too bitter, too sour, salty, hot, pungent, dry and burning are liked by those in the mode of passion. Such foods cause distress, misery and disease."
mind control,18.1,"Chapter 18, Verse 1","Arjuna said: O mighty-armed one, I wish to understand the true nature of renunciation (sannyasa) and of detachment (tyaga), and the distinction between the two, O Hrishikesha, killer of the Kesi demon"
mind control,18.13,"Chapter 18, Verse 13","O mighty-armed Arjuna, learn from Me the five factors for the accomplishment of all actions, as declared in the Sankhya philosophy, which is the ultimate conclusion of all action."
mind control,18.15,"Chapter 18, Verse 15","Whatever right or wrong action a man performs by body, mind or speech, is caused by these five factors."
mind control,18.16,"Chapter 18, Verse 16","Therefore, one who thinks himself the only doer, not considering the five factors, is certainly not very intelligent and cannot see things as they are."
mind control,18.17,"Chapter 18, Verse 17","One who is free from the ego of being the doer, and whose intelligence is not entangled, even though he may slay all these people, he does not kill, nor is he bound by the consequences of the action."
mind control,18.18,"Chapter 18, Verse 18","Knowledge, the object of knowledge, and the knower—these three are the motivating forces of action. The instrument, the action, and the doer—these three are the constituents of action."
mind control,18.19,"Chapter 18, Verse 19","According to the three different modes of material nature, there are three kinds of knowledge, action, and performer of action. Now hear of them from Me."
mind control,18.2,"Chapter 18, Verse 2",The Supreme Lord said: Giving up activities based on material desire is what learned men call sannyasa (renunciation). And giving up the results of all activities is what the wise call tyaga (detachme
mind control,18.25,"Chapter 18, Verse 25","That action which is undertaken out of delusion, completely disregarding future consequences, loss, injury to others, and one's own capability, is said to be in the mode of ignorance (Tamasic)."
mind control,18.27,"Chapter 18, Verse 27","The worker who is attached to work and the fruits of work, desiring to enjoy those fruits, and who is greedy, always envious, impure, and moved by joy and sorrow, is said to be a worker in the mode of"
mind control,18.28,"Chapter 18, Verse 28","The worker who is undisciplined, vulgar, stubborn, deceitful, malicious, lazy, morose and procrastinating is said to be a worker in the mode of ignorance (Tamasic)."
mind control,18.29,"Chapter 18, Verse 29","O winner of wealth, now please listen as I tell you in detail of the three kinds of understanding and determination according to the three modes of material nature."
mind control,18.30,"Chapter 18, Verse 30","O son of Pritha, that understanding by which one knows what ought to be done and what ought not to be done, what is to be feared and what is not to be feared, what is binding and what is liberating, i"
mind control,18.31,"Chapter 18, Verse 31","O son of Pritha, that understanding which cannot distinguish between right and wrong, between action that should be done and action that should not be done, is in the mode of passion (Rajasic)."
mind control,18.32,"Chapter 18, Verse 32","That understanding which considers irreligion to be religion and religion to be irreligion, under the spell of illusion and darkness, and strives always in the wrong direction, O Partha, is in the mod"
mind control,18.33,"Chapter 18, Verse 33","O son of Pritha, that determination which is unswerving, which is sustained with steadfastness by yoga practice, and which thus controls the activities of the mind, life and senses, is in the mode of "
mind control,18.34,"Chapter 18, Verse 34","But that determination by which one holds fast to duty, pleasure, and wealth, desiring the fruits of actions out of intense attachment, O Partha, is in the mode of passion (Rajasic)."
mind control,18.35,"Chapter 18, Verse 35","O son of Pritha, that determination which cannot go beyond dreaming, fearfulness, lamentation, moroseness, and illusion—that unintelligent determination is in the mode of ignorance (Tamasic)."
mind control,18.37,"Chapter 18, Verse 37","That happiness which is like poison in the beginning but like nectar in the end, and which arises from the purification of one’s own intelligence, is said to be in the mode of goodness (Sattvic)."
mind control,18.4,"Chapter 18, Verse 4","O best of the Bharatas, now hear My conclusive judgment concerning renunciation. O tiger among men, renunciation is declared in the scriptures to be of three kinds."
mind control,18.40,"Chapter 18, Verse 40","There is no being on earth, or even among the demigods in the higher planetary systems, who is freed from these three modes born of material nature."
mind control,18.42,"Chapter 18, Verse 42","Peacefulness, self-control, austerity, purity, tolerance, honesty, knowledge, wisdom and religiousness—these are the natural qualities by which the Brahmins work."
mind control,18.45,"Chapter 18, Verse 45","By following his qualities of work, every man can become perfect. Now please hear from Me how this can be done."
mind control,18.5,"Chapter 18, Verse 5","Acts of sacrifice, charity and penance are not to be given up; they must be performed. Indeed, sacrifice, charity and penance purify even the great souls."
mind control,18.51,"Chapter 18, Verse 51","Being purified by intelligence and controlling the mind with determination, giving up the objects of sense gratification, and casting aside attachment and hatred..."
mind control,18.52,"Chapter 18, Verse 52","Resorting to secluded places, eating light, controlling speech, body and mind, ever engaged in meditation and taking refuge in dispassion..."
mind control,18.53,"Chapter 18, Verse 53","One who has abandoned false ego, false strength, arrogance, desire, anger, and possessiveness—who is free from the notion of 'mine' and is peaceful—is fit for realizing the Supreme (Brahman)."
mind control,18.54,"Chapter 18, Verse 54",One who is thus transcendentally situated at once realizes the Supreme Brahman and becomes fully joyful. He never laments or desires to have anything. He is equally disposed toward every living entity
mind control,18.55,"Chapter 18, Verse 55","Only through devotion can one come to know Me in truth—who and what I am. Having known Me in truth, one then enters into My being."
mind control,18.57,"Chapter 18, Verse 57","Mentally dedicating all your actions to Me, regarding Me as the Supreme Goal and taking shelter of the yoga of the intellect, always keep your mind fixed on Me."
mind control,18.58,"Chapter 18, Verse 58","If you become conscious of Me, you will pass over all the obstacles of life by My grace. If, however, you do not act in such consciousness but act through false ego, not hearing Me, you will be lost."
mind control,18.6,"Chapter 18, Verse 6","All these activities should be performed without attachment or any expectation of result. They should be performed as a matter of duty, O son of Pritha. That is My final and supreme opinion."
mind control,18.61,"Chapter 18, Verse 61","The Supreme Lord dwells in the hearts of all living beings, O Arjuna, and by His outward energy, He directs the wanderings of all entities, who are seated as if on a machine."
mind control,18.62,"Chapter 18, Verse 62","Surrender unto Him utterly, O descendant of Bharata. By His grace you will attain supreme peace and the eternal abode."
mind control,18.63,"Chapter 18, Verse 63","Thus I have explained to you knowledge still more confidential. Deliberate on this fully, and then do what you wish to do."
mind control,18.64,"Chapter 18, Verse 64","Because you are My very dear friend, I am speaking to you My supreme instruction, the most confidential knowledge of all. Hear this from Me, for it is for your benefit."
mind control,18.65,"Chapter 18, Verse 65","Always think of Me, become My devotee, worship Me and offer your homage unto Me. Thus you will come to Me without fail. I promise you this because you are My very dear friend."
mind control,18.66,"Chapter 18, Verse 66",Abandon all varieties of religion and just surrender unto Me. I shall deliver you from all sinful reactions. Do not fear.
mind control,18.67,"Chapter 18, Verse 67","This secret knowledge should never be explained to those who are not austere, or devoted, or engaged in service, nor to one who is envious of Me."
mind control,18.68,"Chapter 18, Verse 68","For one who explains this supreme secret to the devotees, pure devotional service is guaranteed, and at the end he will come back to Me."
mind control,18.70,"Chapter 18, Verse 70",And I declare that he who studies this sacred conversation of ours worships Me by his intelligence.
mind control,18.71,"Chapter 18, Verse 71",And that person who listens with faith and without envy shall become free from sinful reactions and attain the auspicious abodes of the righteous.
mind control,18.72,"Chapter 18, Verse 72","O son of Pritha, O conqueror of wealth, have you heard this with a concentrated mind? Has your delusion born of ignorance been dispelled?"
mind control,18.73,"Chapter 18, Verse 73","Arjuna said: My delusion is destroyed, and I have regained my memory through Your grace, O Infallible One. I am now firm, my doubts are gone, and I shall act according to Your word."
mind control,18.75,"Chapter 18, Verse 75","By the mercy of Vyasa, I have heard these most confidential talks directly from the master of all mysticism, Krishna, who was speaking personally to Arjuna."
mind control,18.76,"Chapter 18, Verse 76","O King, as I repeatedly recall this wondrous and holy dialogue between Krishna and Arjuna, I am thrilled with joy at every moment."
mind control,18.78,"Chapter 18, Verse 78","Wherever there is Krishna, the master of all mysticism, and wherever there is Arjuna, the supreme archer, there will also certainly be opulence, victory, extraordinary power, and morality. That is my "
mind control,18.8,"Chapter 18, Verse 8",Anyone who gives up prescribed duties as troublesome or out of fear of bodily discomfort is said to have renounced in the mode of passion. Such action never leads to the true fruit of renunciation.
mind control,18.9,"Chapter 18, Verse 9","O Arjuna, when one performs their prescribed duty simply because it ought to be done, renouncing all attachment to the action and its fruit, that renunciation is considered to be in the mode of goodne"
mind control,5.27,"Chapter 5, Verse 27","Keeping external sensory objects outside, fixing the gaze between the eyebrows, and balancing the incoming and outgoing breaths within the nostrils, a person practices disciplined meditation."
mind control,5.28,"Chapter 5, Verse 28","A sage who has controlled the senses, mind, and intellect, who is dedicated to liberation, and who is free from desire, fear, and anger is always truly free."
mind control,6.13,"Chapter 6, Verse 13","Holding the body, head, and neck straight and steady, remaining still, and focusing the gaze toward the tip of the nose without looking in other directions, one should maintain concentration."
mind control,6.14,"Chapter 6, Verse 14","With a peaceful mind, free from fear, firmly established in disciplined living, controlling the mind and focusing on Me, the yogi should sit in meditation with full dedication."
mind control,6.16,"Chapter 6, Verse 16","Yoga is not possible for one who eats too much or eats too little, for one who sleeps excessively or stays awake too long, O Arjuna."
mind control,6.24,"Chapter 6, Verse 24","One should completely abandon all desires that arise from personal imagination and expectation, and control the entire group of senses from all directions by the mind."
mind control,6.26,"Chapter 6, Verse 26","Wherever the restless and unsteady mind wanders, one should bring it back and place it again under the control of the self."
mind control,6.35,"Chapter 6, Verse 35","The Blessed Lord said: O mighty-armed Arjuna, the mind is indeed restless and difficult to control, but it can be restrained through practice and detachment."
mind control,7.1,"Chapter 7, Verse 1","The Supreme Lord said: Now hear, O son of Pritha, how by practicing yoga with your mind fully attached to Me, and taking exclusive refuge in Me, you can know Me completely, free from all doubt."
mind control,7.10,"Chapter 7, Verse 10","O son of Pritha, know that I am the original seed of all existences, the intelligence of the intelligent, and the prowess of all powerful men."
mind control,7.11,"Chapter 7, Verse 11","I am the strength of the strong, devoid of passion and desire. I am sex life which is not contrary to religious principles, O Lord of the Bharatas (Arjuna)."
mind control,7.12,"Chapter 7, Verse 12","Know that all states of being—be they of goodness, passion or ignorance—are manifested by My energy. I am, in one sense, everything, but I am independent. I am not under the modes of material nature, "
mind control,7.13,"Chapter 7, Verse 13","Deluded by the three modes (goodness, passion and ignorance), the whole world does not know Me, who am above the modes and inexhaustible."
mind control,7.14,"Chapter 7, Verse 14","This divine energy of Mine, consisting of the three modes of material nature, is difficult to overcome. But those who have surrendered unto Me can easily cross beyond it."
mind control,7.15,"Chapter 7, Verse 15","Those miscreants who are grossly foolish, who are lowest among mankind, whose knowledge is stolen by illusion, and who partake of the atheistic nature of demons do not surrender unto Me."
mind control,7.17,"Chapter 7, Verse 17","Of these, the one who is in full knowledge and who is always engaged in pure devotional service is the best. For I am very dear to him, and he is dear to Me."
mind control,7.18,"Chapter 7, Verse 18","All these devotees are undoubtedly magnanimous, but he who is situated in knowledge of Me I consider to be just like My own self. Being engaged in My transcendental service, he is sure to attain Me, t"
mind control,7.20,"Chapter 7, Verse 20",Those whose intelligence has been stolen by material desires surrender unto demigods and follow the particular rules and regulations of worship according to their own natures.
mind control,7.25,"Chapter 7, Verse 25","I am never manifest to the foolish and unintelligent. For them I am covered by My internal potency, and therefore they do not know that I am unborn and infallible."
mind control,7.26,"Chapter 7, Verse 26","O Arjuna, as the Supreme Personality of Godhead, I know everything that has happened in the past, all that is happening in the present, and all things that are yet to come. I also know all living enti"
mind control,7.27,"Chapter 7, Verse 27","O scion of Bharata, O conqueror of the foe, all living entities are born into delusion, bewildered by dualities arisen from desire and hate."
mind control,7.28,"Chapter 7, Verse 28","Persons who have acted piously in previous lives and in this life and whose sinful actions are completely eradicated are freed from the dualities of delusion, and they engage themselves in My service "
mind control,7.30,"Chapter 7, Verse 30","Those in full consciousness of Me, who know Me, the Supreme Lord, to be the governing principle of the material manifestation, of the demigods, and of all methods of sacrifice, can understand and know"
mind control,7.4,"Chapter 7, Verse 4","Earth, water, fire, air, ether, mind, intelligence, and false ego—all together these eight constitute My separated material energies."
mind control,7.5,"Chapter 7, Verse 5","Besides this lower, material nature, O mighty-armed Arjuna, understand My superior nature, which consists of the living entities (conscious souls) by whom this entire material world is sustained and a"
mind control,7.8,"Chapter 7, Verse 8","O son of Kunti, I am the taste of water, the light of the sun and the moon, the syllable Om in the Vedic mantras; I am the sound in ether and ability in man."
mind control,8.1,"Chapter 8, Verse 1","Arjuna inquired: O my Lord, O Supreme Person, what is Brahman? What is the self (adhyatma)? What are fruitive activities (karma)? What is this material manifestation (adhibhuta)? And what are the demi"
mind control,8.10,"Chapter 8, Verse 10","One who, at the time of death, fixes his life air between the eyebrows and, by the strength of yoga, with an undeviating mind, engages himself in remembering the Supreme Lord in full devotion, will ce"
mind control,8.12,"Chapter 8, Verse 12","The yogic situation is that of detachment from all sensual engagements. Closing all the doors of the senses and fixing the mind on the heart and the life air at the top of the head, one establishes hi"
mind control,8.13,"Chapter 8, Verse 13","After being situated in this yoga practice and vibrating the sacred syllable om, the supreme combination of letters, if one thinks of the Supreme Personality of Godhead and quits his body, he will cer"
mind control,8.17,"Chapter 8, Verse 17","By human calculation, a thousand ages taken together form the duration of Brahma's one day. And such also is the duration of his night."
mind control,8.2,"Chapter 8, Verse 2","Who is the Lord of sacrifice, and how does He live in the body, O Madhusudana? And how can those engaged in devotional service know You at the time of death?"
mind control,8.21,"Chapter 8, Verse 21","That which the Vedantists describe as unmanifest and infallible, that which is known as the supreme destination, that place from which, having attained it, one never returns—that is My supreme abode."
mind control,8.22,"Chapter 8, Verse 22","The Supreme Personality of Godhead, who is greater than all, is attainable by unalloyed devotion. Although He is present in His abode, He is all-pervading, and everything is situated within Him."
mind control,8.25,"Chapter 8, Verse 25","The mystic who passes away from this world during the smoke, the night, the fortnight of the waning moon, or the six months when the sun passes to the south reaches the moon planet but again comes bac"
mind control,8.6,"Chapter 8, Verse 6","Whatever state of being one remembers when he quits his body, O son of Kunti, that state he will attain without fail."
mind control,8.7,"Chapter 8, Verse 7","Therefore, Arjuna, you should always think of Me in the form of Krishna and at the same time carry out your prescribed duty of fighting. With your activities dedicated to Me and your mind and intellig"
mind control,8.8,"Chapter 8, Verse 8","He who meditates on Me as the Supreme Personality of Godhead, his mind constantly engaged in remembering Me, undeviated from the path, he, O Partha, is sure to reach Me."
mind control,8.9,"Chapter 8, Verse 9","One should meditate upon the Supreme Person as the one who knows everything, as He who is the oldest, who is the controller, who is smaller than the smallest, who is the maintainer of everything, who "
mind control,9.1,"Chapter 9, Verse 1","The Supreme Lord said: To you, who are free from envy and fault-finding, I shall now declare this most profound and confidential knowledge, along with its practical realization. By knowing this, you w"
mind control,9.10,"Chapter 9, Verse 10","Under My supervision, material nature produces all moving and non-moving beings. For this reason, O son of Kunti, the universe constantly undergoes its cycles of change."
mind control,9.12,"Chapter 9, Verse 12","Those who are thus bewildered embrace a destructive and ignorant nature. In this deluded state, all their hopes, all their actions, and all their knowledge become entirely vain and meaningless."
mind control,9.13,"Chapter 9, Verse 13","O son of Pritha, the great souls, who take shelter of the divine nature, worship Me with an unswerving mind, knowing Me to be the original and inexhaustible source of all beings."
mind control,9.14,"Chapter 9, Verse 14","Always glorifying Me, striving with firm determination, and bowing down before Me, these great souls perpetually worship Me with devotion."
mind control,9.15,"Chapter 9, Verse 15","Others, engaging in the sacrifice of knowledge, worship Me. They worship the Supreme as one underlying reality, as diverse in many forms, and as the universal form that encompasses everything."
mind control,9.16,"Chapter 9, Verse 16","I am the ritual, I am the sacrifice, I am the offering to the ancestors, I am the healing herb, I am the mantra. I am the clarified butter, I am the fire, and I am the act of offering."
mind control,9.19,"Chapter 9, Verse 19","O Arjuna, I radiate heat, and I withhold as well as send forth the rain. I am immortality, and I am also death. Both being and non-being are in Me."
mind control,9.2,"Chapter 9, Verse 2","This knowledge is the king of education, the most profound secret, and the purest of all. It can be understood through direct experience, it is aligned with righteousness, it is everlasting, and it is"
mind control,9.20,"Chapter 9, Verse 20","Those who study the three Vedas and drink the Soma juice, seeking purification from sin, worship Me through sacrifices to attain the heavenly planets. Having reached the pious world of Indra, they enj"
mind control,9.25,"Chapter 9, Verse 25",Worshipers of the demigods go to the demigods; worshipers of the ancestors go to the ancestors; worshipers of ghosts and spirits go to such beings; and those who worship Me come to Me.
mind control,9.26,"Chapter 9, Verse 26","Whoever offers Me with devotion a leaf, a flower, a fruit, or water, I accept that offering when it is given with sincere devotion by a disciplined and pure-hearted person."
mind control,9.27,"Chapter 9, Verse 27","Whatever you do, whatever you eat, whatever you offer in sacrifice, whatever you give in charity, and whatever austerity you perform, O son of Kunti, do that as an offering unto Me."
mind control,9.28,"Chapter 9, Verse 28","In this way you will be freed from the bonds of actions that produce good and bad results. With your mind united in the yoga of renunciation, you will become liberated and come to Me."
mind control,9.29,"Chapter 9, Verse 29","I am equal to all living beings. No one is hateful to Me and no one is especially dear to Me. But those who worship Me with devotion live in Me, and I also live in them."
mind control,9.3,"Chapter 9, Verse 3","O conqueror of enemies, persons who lack faith in this path of righteousness do not attain Me. Thus, they return to the continuous cycle of birth and death in this material world."
mind control,9.30,"Chapter 9, Verse 30","Even if a person of very improper conduct worships Me with exclusive devotion, he should be considered righteous, because he has made the correct determination."
mind control,9.31,"Chapter 9, Verse 31","He quickly becomes righteous and attains lasting peace. O son of Kunti, declare it boldly that My devotee never perishes."
mind control,9.33,"Chapter 9, Verse 33","What then can be said of the righteous brahmanas and devoted royal sages. Therefore, having come into this temporary and joyless world, engage in devotion to Me."
mind control,9.34,"Chapter 9, Verse 34","Fix your mind on Me, become My devotee, worship Me, and offer your respect to Me. In this way, with your mind fully absorbed in Me and devoted to Me as the supreme goal, you will come to Me."
mind control,9.4,"Chapter 9, Verse 4","By Me, in My unmanifested form, this entire universe is pervaded. All living beings rest in Me, but I am not contained within them."
mind control,9.6,"Chapter 9, Verse 6","Understand that just as the mighty wind, blowing everywhere, always rests in the sky, all created beings rest in Me."
mind control,9.8,"Chapter 9, Verse 8","Entering into My own material nature, I repeatedly create this entire multitude of beings, who are completely helpless under the control of material nature."
mindfulness,13.1,"Chapter 13, Verse 1","Arjuna said: O Krishna, I wish to understand Prakriti (nature) and Purusha (the enjoyer), as well as the field and the knower of the field, along with knowledge and the object of knowledge."
mindfulness,13.15,"Chapter 13, Verse 15","The Supreme Truth shines through the functions of all the senses, yet is devoid of the senses; He is unattached, yet supports everything; He is free from the modes of nature, yet is the experiencer of"
mindfulness,13.16,"Chapter 13, Verse 16","The Supreme Truth exists outside and inside of all living beings, the moving and the nonmoving. Because He is subtle, He is beyond the power of the material senses to see or to know. Although far, far"
mindfulness,13.2,"Chapter 13, Verse 2","The Supreme Lord said: This body, O son of Kunti, is called the field (kshetra), and one who knows this body is called the knower of the field (kshetrajna) by those who understand these things."
mindfulness,13.7,"Chapter 13, Verse 7","Desire, hatred, happiness, distress, the aggregate, the life symptoms, and convictions—all these are considered, in summary, to be the field of activities and its interactions."
mindfulness,14.10,"Chapter 14, Verse 10","Sometimes the mode of goodness becomes prominent, defeating the modes of passion and ignorance, O son of Bharata. Sometimes the mode of passion defeats goodness and ignorance, and at other times ignor"
mindfulness,14.11,"Chapter 14, Verse 11","When the light of knowledge illuminates all the gates of the body, then one should know that the mode of goodness is predominant."
mindfulness,14.19,"Chapter 14, Verse 19","When one properly sees that in all activities no other performer is at work than these modes of nature, and knows the Supreme who is beyond all these modes, they attain My spiritual nature."
mindfulness,14.23,"Chapter 14, Verse 23","Seated like an unconcerned witness, one who is not disturbed by the material modes, who remains firm and does not waver, knowing that only the modes are active..."
mindfulness,14.5,"Chapter 14, Verse 5","Material nature consists of three modes: goodness (sattva), passion (rajas), and ignorance (tamas). These modes condition and bind the eternal, imperishable soul to the physical body, O mighty-armed o"
mindfulness,18.57,"Chapter 18, Verse 57","Mentally dedicating all your actions to Me, regarding Me as the Supreme Goal and taking shelter of the yoga of the intellect, always keep your mind fixed on Me."
mindfulness,7.8,"Chapter 7, Verse 8","O son of Kunti, I am the taste of water, the light of the sun and the moon, the syllable Om in the Vedic mantras; I am the sound in ether and ability in man."
mindfulness,9.10,"Chapter 9, Verse 10","Under My supervision, material nature produces all moving and non-moving beings. For this reason, O son of Kunti, the universe constantly undergoes its cycles of change."
mindfulness,9.16,"Chapter 9, Verse 16","I am the ritual, I am the sacrifice, I am the offering to the ancestors, I am the healing herb, I am the mantra. I am the clarified butter, I am the fire, and I am the act of offering."
mindfulness,9.4,"Chapter 9, Verse 4","By Me, in My unmanifested form, this entire universe is pervaded. All living beings rest in Me, but I am not contained within them."
mindfulness,9.6,"Chapter 9, Verse 6","Understand that just as the mighty wind, blowing everywhere, always rests in the sky, all created beings rest in Me."
morality,16.24,"Chapter 16, Verse 24","Therefore, the scriptures are your authority in determining what ought to be done and what ought not to be done. Having known the rules and regulations prescribed by the scriptures, you should perform"
morality,16.7,"Chapter 16, Verse 7",Those who are demoniac do not know what is to be done and what is not to be done. Neither cleanliness nor proper behavior nor truth is found in them.
morality,18.31,"Chapter 18, Verse 31","O son of Pritha, that understanding which cannot distinguish between right and wrong, between action that should be done and action that should not be done, is in the mode of passion (Rajasic)."
motivation,2.47,"Chapter 2, Verse 47","You have the right to perform your actions, but never to the results of those actions. Do not consider yourself the cause of the results of your work, and do not become attached to inaction."
motivation,3.30,"Chapter 3, Verse 30","Surrendering all your actions unto Me, with your mind focused on the highest self, free from desire and selfishness, fight without any mental fever."
motivation,3.35,"Chapter 3, Verse 35","It is better to perform one’s own duty imperfectly than to perform another’s duty perfectly. Even death in the course of one’s own duty is better, for following another’s path is dangerous."
patience,2.15,"Chapter 2, Verse 15","O best among men, the person who is not disturbed by happiness and distress and is steady in both is certainly eligible for liberation."
patience,2.47,"Chapter 2, Verse 47","You have the right to perform your actions, but never to the results of those actions. Do not consider yourself the cause of the results of your work, and do not become attached to inaction."
patience,3.30,"Chapter 3, Verse 30","Surrendering all your actions unto Me, with your mind focused on the highest self, free from desire and selfishness, fight without any mental fever."
patience,3.35,"Chapter 3, Verse 35","It is better to perform one’s own duty imperfectly than to perform another’s duty perfectly. Even death in the course of one’s own duty is better, for following another’s path is dangerous."
peace,12.12,"Chapter 12, Verse 12","Knowledge is better than mechanical practice, meditation is superior to knowledge, and renouncing the results of actions is greater than meditation. From such renunciation, peace immediately follows."
peace,14.16,"Chapter 14, Verse 16","The result of righteous action is said to be pure and in the mode of goodness. But action done in the mode of passion results in misery, and action performed in the mode of ignorance results in delusi"
peace,14.2,"Chapter 14, Verse 2","By taking refuge in this knowledge, one attains a nature like My own. Thus established, they are not born at the time of creation, nor are they disturbed at the time of dissolution."
peace,18.37,"Chapter 18, Verse 37","That happiness which is like poison in the beginning but like nectar in the end, and which arises from the purification of one’s own intelligence, is said to be in the mode of goodness (Sattvic)."
peace,18.53,"Chapter 18, Verse 53","One who has abandoned false ego, false strength, arrogance, desire, anger, and possessiveness—who is free from the notion of 'mine' and is peaceful—is fit for realizing the Supreme (Brahman)."
peace,18.62,"Chapter 18, Verse 62","Surrender unto Him utterly, O descendant of Bharata. By His grace you will attain supreme peace and the eternal abode."
peace,2.70,"Chapter 2, Verse 70","Just as rivers enter the ever-full and steady ocean without disturbing it, in the same way all desires enter the person who remains steady. Such a person attains peace, not the one who constantly long"
peace,2.71,"Chapter 2, Verse 71","A person who abandons all selfish desires, moves through life free from craving, without possessiveness and without ego, attains peace."
peace,5.12,"Chapter 5, Verse 12","The steadfast person, having abandoned attachment to the fruits of action, attains lasting peace. But the undisciplined person, driven by desire and attached to the results of their action, becomes co"
peace,6.27,"Chapter 6, Verse 27","Supreme happiness comes to the yogi whose mind is peaceful, whose passions are quieted, and who has become pure and established in a state of higher awareness."
peace,9.31,"Chapter 9, Verse 31","He quickly becomes righteous and attains lasting peace. O son of Kunti, declare it boldly that My devotee never perishes."
peace,9.4,"Chapter 9, Verse 4","By Me, in My unmanifested form, this entire universe is pervaded. All living beings rest in Me, but I am not contained within them."
perseverance,12.11,"Chapter 12, Verse 11","If you are unable to act for My sake, then practice renouncing the results of all your actions with self-control."
perseverance,15.11,"Chapter 15, Verse 11","The endeavoring yogis, who are situated in self-realization, can clearly see this truth established within themselves. But those whose minds are unpurified and lack self-awareness cannot see it, even "
perseverance,17.5,"Chapter 17, Verse 5","Those who undergo severe austerities and penances not recommended in the scriptures, out of pride and egotism, who are impelled by lust and attachment..."
perseverance,18.11,"Chapter 18, Verse 11",It is indeed impossible for an embodied being to give up all activities completely. But one who renounces the fruits of action is called a true renouncer.
perseverance,18.34,"Chapter 18, Verse 34","But that determination by which one holds fast to duty, pleasure, and wealth, desiring the fruits of actions out of intense attachment, O Partha, is in the mode of passion (Rajasic)."
perseverance,18.55,"Chapter 18, Verse 55","Only through devotion can one come to know Me in truth—who and what I am. Having known Me in truth, one then enters into My being."
procrastination,14.13,"Chapter 14, Verse 13","O son of Kuru, when the mode of ignorance increases, darkness, inactivity, negligence, and delusion are manifested."
procrastination,14.8,"Chapter 14, Verse 8","O son of Bharata, know that the mode of ignorance, born of darkness, is the delusion of all embodied beings. It binds the soul by negligence, laziness, and excessive sleep."
procrastination,2.47,"Chapter 2, Verse 47","You have the right to perform your actions, but never to the results of those actions. Do not consider yourself the cause of the results of your work, and do not become attached to inaction."
procrastination,3.19,"Chapter 3, Verse 19","Therefore, without attachment, always perform your prescribed duty. For by performing action without attachment, a person attains the Supreme."
procrastination,3.30,"Chapter 3, Verse 30","Surrendering all your actions unto Me, with your mind focused on the highest self, free from desire and selfishness, fight without any mental fever."
procrastination,3.35,"Chapter 3, Verse 35","It is better to perform one’s own duty imperfectly than to perform another’s duty perfectly. Even death in the course of one’s own duty is better, for following another’s path is dangerous."
purpose,18.55,"Chapter 18, Verse 55","Only through devotion can one come to know Me in truth—who and what I am. Having known Me in truth, one then enters into My being."
purpose,18.64,"Chapter 18, Verse 64","Because you are My very dear friend, I am speaking to you My supreme instruction, the most confidential knowledge of all. Hear this from Me, for it is for your benefit."
purpose,18.68,"Chapter 18, Verse 68","For one who explains this supreme secret to the devotees, pure devotional service is guaranteed, and at the end he will come back to Me."
purpose,18.69,"Chapter 18, Verse 69","There is no servant in this world more dear to Me than he, nor will there ever be one more dear."
purpose,18.78,"Chapter 18, Verse 78","Wherever there is Krishna, the master of all mysticism, and wherever there is Arjuna, the supreme archer, there will also certainly be opulence, victory, extraordinary power, and morality. That is my "
purpose,5.29,"Chapter 5, Verse 29","One who understands Me as the ultimate enjoyer of all sacrifices and austerities, the supreme controller of all worlds, and the well-wishing friend of all beings attains peace."
resilience,10.30,"Chapter 10, Verse 30","Among the Daityas I am Prahlada; among those who measure or count I am time. Among animals I am the lion, and among birds I am Garuda."
resilience,13.32,"Chapter 13, Verse 32","Those with the vision of eternity can see that the imperishable soul is transcendental, eternal, and beyond the modes of nature. Despite contact with the material body, O Arjuna, the soul neither acts"
resilience,13.33,"Chapter 13, Verse 33","The sky, due to its subtle nature, although all-pervading, does not mix with anything; similarly, the soul, situated in the body, does not mix with the body."
resilience,13.9,"Chapter 13, Verse 9","Renunciation of the objects of sense gratification, absence of false ego, the perception of the evil of birth, death, old age and disease."
resilience,14.2,"Chapter 14, Verse 2","By taking refuge in this knowledge, one attains a nature like My own. Thus established, they are not born at the time of creation, nor are they disturbed at the time of dissolution."
resilience,16.1,"Chapter 16, Verse 1",The Supreme Lord said: Fearlessness; purification of one's existence; cultivation of spiritual knowledge; charity; self-control; performance of sacrifice; study of the Vedas; austerity; and simplicity
resilience,18.56,"Chapter 18, Verse 56","Though performing all kinds of actions, one who takes shelter in Me reaches the eternal and imperishable state by My grace."
resilience,18.58,"Chapter 18, Verse 58","If you become conscious of Me, you will pass over all the obstacles of life by My grace. If, however, you do not act in such consciousness but act through false ego, not hearing Me, you will be lost."
resilience,18.62,"Chapter 18, Verse 62","Surrender unto Him utterly, O descendant of Bharata. By His grace you will attain supreme peace and the eternal abode."
resilience,18.73,"Chapter 18, Verse 73","Arjuna said: My delusion is destroyed, and I have regained my memory through Your grace, O Infallible One. I am now firm, my doubts are gone, and I shall act according to Your word."
resilience,9.14,"Chapter 9, Verse 14","Always glorifying Me, striving with firm determination, and bowing down before Me, these great souls perpetually worship Me with devotion."
resilience,9.3,"Chapter 9, Verse 3","O conqueror of enemies, persons who lack faith in this path of righteousness do not attain Me. Thus, they return to the continuous cycle of birth and death in this material world."
resilience,9.7,"Chapter 9, Verse 7","O son of Kunti, at the end of the cycle of creation, all beings merge into My material nature. At the beginning of the next cycle, I create them all again."
responsibility,11.33,"Chapter 11, Verse 33","Therefore arise and gain glory. Conquer your enemies and enjoy a prosperous kingdom. These warriors have already been slain by Me. O skilled archer, you are merely an instrument in this process."
responsibility,11.34,"Chapter 11, Verse 34","Drona, Bhishma, Jayadratha, Karna, and many other great warriors have already been slain by Me. Therefore defeat them and do not be disturbed. Fight, and you will conquer your enemies in battle."
responsibility,17.11,"Chapter 17, Verse 11","Of sacrifices, the sacrifice performed according to the directions of scripture, as a matter of duty, by those who desire no reward, is of the nature of goodness."
responsibility,18.6,"Chapter 18, Verse 6","All these activities should be performed without attachment or any expectation of result. They should be performed as a matter of duty, O son of Pritha. That is My final and supreme opinion."
sadness,2.14,"Chapter 2, Verse 14","O son of Kunti, the contact between the senses and their objects gives rise to fleeting perceptions of happiness and distress. These are non-permanent, coming and going like the winter and summer seas"
sadness,2.25,"Chapter 2, Verse 25","It is said that the soul is invisible, inconceivable, and immutable. Knowing this, you should not grieve for the body."
sadness,2.3,"Chapter 2, Verse 3","O Partha, do not give in to this weakness. It does not suit you. Give up this petty faint-heartedness and arise, O conqueror of enemies."
sadness,2.38,"Chapter 2, Verse 38","Treat pleasure and pain, gain and loss, victory and defeat alike. Then engage in battle. By doing so, you will not incur sin."
sadness,2.51,"Chapter 2, Verse 51","The wise, equipped with understanding, abandon attachment to the results of their actions. By doing so, they become free from the bondage of repeated consequences and attain a state beyond suffering."
sadness,5.22,"Chapter 5, Verse 22","The pleasures that arise from contact between the senses and their objects are indeed the sources of misery. They have a beginning and an end, O son of Kunti, and a wise person does not delight in the"
self-awareness,13.1,"Chapter 13, Verse 1","Arjuna said: O Krishna, I wish to understand Prakriti (nature) and Purusha (the enjoyer), as well as the field and the knower of the field, along with knowledge and the object of knowledge."
self-awareness,13.2,"Chapter 13, Verse 2","The Supreme Lord said: This body, O son of Kunti, is called the field (kshetra), and one who knows this body is called the knower of the field (kshetrajna) by those who understand these things."
self-awareness,13.6,"Chapter 13, Verse 6","The five great elements, false ego, intelligence, the unmanifest, the ten senses and the mind, and the five objects of the senses."
self-awareness,14.1,"Chapter 14, Verse 1","The Supreme Lord said: I shall again reveal to you the supreme wisdom, the best of all knowledge, knowing which all the sages have attained the highest perfection."
self-awareness,14.17,"Chapter 14, Verse 17","From the mode of goodness, real knowledge develops; from the mode of passion, greed develops; and from the mode of ignorance develop negligence, delusion, and foolishness."
self-awareness,14.5,"Chapter 14, Verse 5","Material nature consists of three modes: goodness (sattva), passion (rajas), and ignorance (tamas). These modes condition and bind the eternal, imperishable soul to the physical body, O mighty-armed o"
self-awareness,15.10,"Chapter 15, Verse 10","The foolish cannot understand how a living entity quits their body, nor can they understand what they enjoy while under the spell of the modes of nature. But one who has the eyes of knowledge can see "
self-awareness,18.60,"Chapter 18, Verse 60","O son of Kunti, bound by your own work which is born of your own nature, that which you do not wish to do out of delusion, you will eventually do even against your will."
self-awareness,9.8,"Chapter 9, Verse 8","Entering into My own material nature, I repeatedly create this entire multitude of beings, who are completely helpless under the control of material nature."
self-compassion,14.10,"Chapter 14, Verse 10","Sometimes the mode of goodness becomes prominent, defeating the modes of passion and ignorance, O son of Bharata. Sometimes the mode of passion defeats goodness and ignorance, and at other times ignor"
self-compassion,14.22,"Chapter 14, Verse 22","The Supreme Lord said: O son of Pandu, one who does not hate illumination, activity, and delusion when they are present, nor longs for them when they disappear..."
self-compassion,17.14,"Chapter 17, Verse 14","Austerity of the body consists in worship of the Supreme Lord, the wise, the spiritual master, and superiors like the father and mother, and in cleanliness, simplicity, celibacy and nonviolence."
self-compassion,9.18,"Chapter 9, Verse 18","I am the ultimate goal, the sustainer, the master, the witness, the abode, the refuge, and the dearest friend. I am the creation and the annihilation, the basis of everything, the resting place, and t"
self-control,10.3,"Chapter 10, Verse 3","One who knows Me as unborn, without beginning, and as the supreme Lord of all worlds, such a person among mortals is free from delusion and is released from all sinful reactions."
self-control,12.2,"Chapter 12, Verse 2",The Supreme Lord said: Those who fix their minds on Me and constantly worship Me with deep faith are considered by Me to be the most perfectly united in yoga.
self-control,13.15,"Chapter 13, Verse 15","The Supreme Truth shines through the functions of all the senses, yet is devoid of the senses; He is unattached, yet supports everything; He is free from the modes of nature, yet is the experiencer of"
self-control,13.7,"Chapter 13, Verse 7","Desire, hatred, happiness, distress, the aggregate, the life symptoms, and convictions—all these are considered, in summary, to be the field of activities and its interactions."
self-control,14.10,"Chapter 14, Verse 10","Sometimes the mode of goodness becomes prominent, defeating the modes of passion and ignorance, O son of Bharata. Sometimes the mode of passion defeats goodness and ignorance, and at other times ignor"
self-control,15.3,"Chapter 15, Verse 3","The real form of this tree cannot be perceived in this world. No one can understand where it ends, where it begins, or where its foundation is. But with determination, one must cut down this strongly "
self-control,17.27,"Chapter 17, Verse 27","The state of steadfastness in sacrifice, penance and charity is also called 'Sat,' and any work performed for the sake of the Supreme is also designated as 'Sat.'"
self-control,18.5,"Chapter 18, Verse 5","Acts of sacrifice, charity and penance are not to be given up; they must be performed. Indeed, sacrifice, charity and penance purify even the great souls."
self-control,18.65,"Chapter 18, Verse 65","Always think of Me, become My devotee, worship Me and offer your homage unto Me. Thus you will come to Me without fail. I promise you this because you are My very dear friend."
self-control,2.14,"Chapter 2, Verse 14","O son of Kunti, the contact between the senses and their objects gives rise to fleeting perceptions of happiness and distress. These are non-permanent, coming and going like the winter and summer seas"
self-control,2.15,"Chapter 2, Verse 15","O best among men, the person who is not disturbed by happiness and distress and is steady in both is certainly eligible for liberation."
self-control,2.38,"Chapter 2, Verse 38","Treat pleasure and pain, gain and loss, victory and defeat alike. Then engage in battle. By doing so, you will not incur sin."
self-control,2.38,"Chapter 2, Verse 38","Treat pleasure and pain, gain and loss, victory and defeat alike. Then engage in battle. By doing so, you will not incur sin."
self-control,2.70,"Chapter 2, Verse 70","Just as rivers enter the ever-full and steady ocean without disturbing it, in the same way all desires enter the person who remains steady. Such a person attains peace, not the one who constantly long"
self-control,2.71,"Chapter 2, Verse 71","A person who abandons all selfish desires, moves through life free from craving, without possessiveness and without ego, attains peace."
self-control,3.7,"Chapter 3, Verse 7","But one who controls the senses by the mind, O Arjuna, and engages the organs of action in Karma-yoga without attachment, is far superior."
self-control,4.26,"Chapter 4, Verse 26","Some offer the senses such as hearing into the fire of self-control, while others offer sound and other sense objects into the fire of the senses."
self-control,4.29,"Chapter 4, Verse 29","Some offer the outgoing breath into the incoming breath, and others offer the incoming breath into the outgoing breath. By regulating the movements of both, they practice control of the life force thr"
self-control,7.17,"Chapter 7, Verse 17","Of these, the one who is in full knowledge and who is always engaged in pure devotional service is the best. For I am very dear to him, and he is dear to Me."
self-control,7.28,"Chapter 7, Verse 28","Persons who have acted piously in previous lives and in this life and whose sinful actions are completely eradicated are freed from the dualities of delusion, and they engage themselves in My service "
self-control,8.14,"Chapter 8, Verse 14","For one who always remembers Me without deviation, I am easy to obtain, O son of Pritha, because of his constant engagement in devotional service."
self-control,8.22,"Chapter 8, Verse 22","The Supreme Personality of Godhead, who is greater than all, is attainable by unalloyed devotion. Although He is present in His abode, He is all-pervading, and everything is situated within Him."
self-control,9.12,"Chapter 9, Verse 12","Those who are thus bewildered embrace a destructive and ignorant nature. In this deluded state, all their hopes, all their actions, and all their knowledge become entirely vain and meaningless."
self-control,9.14,"Chapter 9, Verse 14","Always glorifying Me, striving with firm determination, and bowing down before Me, these great souls perpetually worship Me with devotion."
self-control,9.2,"Chapter 9, Verse 2","This knowledge is the king of education, the most profound secret, and the purest of all. It can be understood through direct experience, it is aligned with righteousness, it is everlasting, and it is"
self-control,9.3,"Chapter 9, Verse 3","O conqueror of enemies, persons who lack faith in this path of righteousness do not attain Me. Thus, they return to the continuous cycle of birth and death in this material world."
self-control,9.30,"Chapter 9, Verse 30","Even if a person of very improper conduct worships Me with exclusive devotion, he should be considered righteous, because he has made the correct determination."
self-control,9.31,"Chapter 9, Verse 31","He quickly becomes righteous and attains lasting peace. O son of Kunti, declare it boldly that My devotee never perishes."
self-discipline,18.67,"Chapter 18, Verse 67","This secret knowledge should never be explained to those who are not austere, or devoted, or engaged in service, nor to one who is envious of Me."
self-discovery,18.59,"Chapter 18, Verse 59","If you think, 'I shall not fight,' relying on your ego, your determination is vain. Your own nature will compel you to act."
self-doubt,2.3,"Chapter 2, Verse 3","O Partha, do not give in to this weakness. It does not suit you. Give up this petty faint-heartedness and arise, O conqueror of enemies."
self-doubt,4.35,"Chapter 4, Verse 35","Having gained this knowledge, O son of Pandu, you will never again fall into such confusion. By this understanding you will see all beings completely within yourself and also within Me."
self-doubt,9.3,"Chapter 9, Verse 3","O conqueror of enemies, persons who lack faith in this path of righteousness do not attain Me. Thus, they return to the continuous cycle of birth and death in this material world."
self-regulation,13.8,"Chapter 13, Verse 8","Humility, pridelessness, nonviolence, tolerance, simplicity, approaching a bona fide spiritual master, cleanliness, steadiness, and self-control;"
self-worth,14.24,"Chapter 14, Verse 24","One who is situated in the self and is equal in distress and happiness; who looks upon a clod of dirt, a stone, and a piece of gold with an equal eye; who is equal toward the desirable and the undesir"
self-worth,18.69,"Chapter 18, Verse 69","There is no servant in this world more dear to Me than he, nor will there ever be one more dear."
service,14.26,"Chapter 14, Verse 26",And one who serves Me with unswerving devotion transcends these three modes of nature and becomes eligible to attain the level of the Supreme.
stress,2.3,"Chapter 2, Verse 3","O Partha, do not give in to this weakness. It does not suit you. Give up this petty faint-heartedness and arise, O conqueror of enemies."
success,18.78,"Chapter 18, Verse 78","Wherever there is Krishna, the master of all mysticism, and wherever there is Arjuna, the supreme archer, there will also certainly be opulence, victory, extraordinary power, and morality. That is my "
success,4.12,"Chapter 4, Verse 12","Those who desire quick success in their actions worship the demigods in this world, for in the human realm, the results of material actions manifest very quickly."
success,4.22,"Chapter 4, Verse 22","One who is satisfied with whatever comes by chance, who has gone beyond the dualities of life, who is free from envy, and who remains steady in both success and failure, is not bound even while perfor"
surrender,11.27,"Chapter 11, Verse 27",All the warriors rush into Your terrifying mouths with dreadful teeth. Some are seen trapped between Your teeth with their heads crushed to pieces.
surrender,11.31,"Chapter 11, Verse 31","Tell me who You are in this terrifying form. O supreme among the gods, I offer my obeisance to You. Please be gracious. I desire to understand You, the original being, for I do not comprehend Your pur"
surrender,11.33,"Chapter 11, Verse 33","Therefore arise and gain glory. Conquer your enemies and enjoy a prosperous kingdom. These warriors have already been slain by Me. O skilled archer, you are merely an instrument in this process."
surrender,11.55,"Chapter 11, Verse 55","One who performs actions for Me, who regards Me as the supreme goal, who is devoted to Me, free from attachment, and free from hostility toward all beings, such a person comes to Me, O Arjuna."
surrender,12.12,"Chapter 12, Verse 12","Knowledge is better than mechanical practice, meditation is superior to knowledge, and renouncing the results of actions is greater than meditation. From such renunciation, peace immediately follows."
surrender,12.13,"Chapter 12, Verse 13","One who has no hatred toward any being, who is friendly and compassionate, free from possessiveness and ego, balanced in both happiness and distress, and forgiving in nature, is dear to Me."
surrender,12.17,"Chapter 12, Verse 17","One who neither becomes overly joyful nor hates, neither laments nor desires, and who has renounced attachment to both good and bad outcomes, such a devoted person is dear to Me."
surrender,13.10,"Chapter 13, Verse 10","Non-attachment, absence of entanglement with children, spouse, home, and the rest, and constant even-mindedness amid desirable and undesirable events."
surrender,13.17,"Chapter 13, Verse 17","Although the Supreme Truth appears to be divided among all beings, He is never divided. He is situated as one. Although He is the maintainer of every living entity, it is to be understood that He devo"
surrender,13.19,"Chapter 13, Verse 19","Thus the field of activities, knowledge, and the knowable have been summarily described by Me. Only My devotees can understand this thoroughly and thus attain to My nature."
surrender,13.24,"Chapter 13, Verse 24","One who understands this philosophy concerning material nature, the living entity, and the interaction of the modes of nature is sure to attain liberation. He will not take birth here again, regardles"
surrender,13.9,"Chapter 13, Verse 9","Renunciation of the objects of sense gratification, absence of false ego, the perception of the evil of birth, death, old age and disease."
surrender,14.14,"Chapter 14, Verse 14","When an embodied soul passes away while the mode of goodness is predominant, it attains the pure, higher worlds of those who know the Supreme."
surrender,14.22,"Chapter 14, Verse 22","The Supreme Lord said: O son of Pandu, one who does not hate illumination, activity, and delusion when they are present, nor longs for them when they disappear..."
surrender,15.13,"Chapter 15, Verse 13","I enter into each planet, and by My energy, they stay in orbit. I become the moon and thereby supply the juice of life to all vegetables."
surrender,15.14,"Chapter 15, Verse 14","I am the fire of digestion in the bodies of all living entities, and I join with the incoming and outgoing breaths to digest the four kinds of food."
surrender,15.3,"Chapter 15, Verse 3","The real form of this tree cannot be perceived in this world. No one can understand where it ends, where it begins, or where its foundation is. But with determination, one must cut down this strongly "
surrender,18.4,"Chapter 18, Verse 4","O best of the Bharatas, now hear My conclusive judgment concerning renunciation. O tiger among men, renunciation is declared in the scriptures to be of three kinds."
surrender,18.40,"Chapter 18, Verse 40","There is no being on earth, or even among the demigods in the higher planetary systems, who is freed from these three modes born of material nature."
surrender,18.49,"Chapter 18, Verse 49","One whose intellect is unattached everywhere, who has conquered the self, and who is free from desires, attains by renunciation the supreme state of perfection consisting of freedom from action."
surrender,18.62,"Chapter 18, Verse 62","Surrender unto Him utterly, O descendant of Bharata. By His grace you will attain supreme peace and the eternal abode."
surrender,2.7,"Chapter 2, Verse 7","My nature is overcome by weakness and my mind is confused about my duty. I ask you to tell me clearly what is truly best for me. I am now your student, and I surrender myself to you for instruction."
surrender,3.13,"Chapter 3, Verse 13","The spiritually minded, who eat food that is first offered in sacrifice, are released from all kinds of sin. But those who prepare food solely for their own personal enjoyment verily eat only sin."
surrender,4.10,"Chapter 4, Verse 10","Freed from attachment, fear, and anger, fully absorbed in Me and taking refuge in Me, purified by the fire of knowledge, many in the past have attained My state of being."
surrender,4.11,"Chapter 4, Verse 11","As people approach Me, so I receive them. All paths, O son of Pritha, lead to Me in all respects."
surrender,4.24,"Chapter 4, Verse 24","The act of offering is Brahman, the offering itself is Brahman, it is offered by Brahman into the fire of Brahman. One who sees Brahman in every aspect of action ultimately attains Brahman."
surrender,4.34,"Chapter 4, Verse 34","Learn that knowledge by approaching a wise teacher with humility, sincere questions, and service. Those who have realized the truth will instruct you in that knowledge."
surrender,5.10,"Chapter 5, Verse 10","One who performs their duties without attachment, surrendering the results to the Supreme, is never touched by negative reactions, just as a lotus leaf remains untouched by water."
surrender,5.17,"Chapter 5, Verse 17","Those whose intellect, mind, faith, and ultimate refuge are all fixed in the Supreme, whose impurities have been completely cleansed by knowledge, attain the state of no return."
surrender,7.14,"Chapter 7, Verse 14","This divine energy of Mine, consisting of the three modes of material nature, is difficult to overcome. But those who have surrendered unto Me can easily cross beyond it."
surrender,7.24,"Chapter 7, Verse 24","Unintelligent men, who do not know Me perfectly, think that I, the Supreme Personality of Godhead, Krishna, was impersonal before and have now assumed this personality. Due to their small knowledge, t"
surrender,7.26,"Chapter 7, Verse 26","O Arjuna, as the Supreme Personality of Godhead, I know everything that has happened in the past, all that is happening in the present, and all things that are yet to come. I also know all living enti"
surrender,7.6,"Chapter 7, Verse 6",Know that all living beings have their source in these two natures (material and spiritual). I am the origin and the dissolution of the entire universe.
surrender,8.15,"Chapter 8, Verse 15","After attaining Me, the great souls, who are yogis in devotion, never return to this temporary world, which is full of miseries, because they have attained the highest perfection."
surrender,8.18,"Chapter 8, Verse 18","At the beginning of Brahma's day, all living entities become manifest from the unmanifest state, and thereafter, when the night falls, they are merged into the unmanifest again."
surrender,9.19,"Chapter 9, Verse 19","O Arjuna, I radiate heat, and I withhold as well as send forth the rain. I am immortality, and I am also death. Both being and non-being are in Me."
surrender,9.22,"Chapter 9, Verse 22","But those who always worship Me with exclusive devotion, meditating on My transcendental form—to them I carry what they lack, and I preserve what they have."
surrender,9.7,"Chapter 9, Verse 7","O son of Kunti, at the end of the cycle of creation, all beings merge into My material nature. At the beginning of the next cycle, I create them all again."
time management,10.29,"Chapter 10, Verse 29","Among the Nagas I am Ananta; among aquatic beings I am Varuna. Among the ancestors I am Aryama, and among those who enforce discipline I am Yama."
time management,10.4,"Chapter 10, Verse 4","Intelligence, knowledge, freedom from confusion, forgiveness, truthfulness, control of the senses, control of the mind, happiness and distress, birth and death, fear and fearlessness all arise from Me"
time management,10.41,"Chapter 10, Verse 41","Whatever being possesses power, beauty, or greatness, understand that it arises from a small portion of My divine splendor."
time management,11.49,"Chapter 11, Verse 49","Do not be afraid or confused after seeing this terrifying form of Mine. Free from fear and with a peaceful mind, behold again My familiar form."
time management,11.51,"Chapter 11, Verse 51","Arjuna said: O Janardana, seeing Your gentle human form again, my mind has become calm. I have regained my awareness and returned to my normal state."
time management,12.13,"Chapter 12, Verse 13","One who has no hatred toward any being, who is friendly and compassionate, free from possessiveness and ego, balanced in both happiness and distress, and forgiving in nature, is dear to Me."
time management,12.4,"Chapter 12, Verse 4","Those who control their senses, remain balanced in all situations, and are dedicated to the welfare of all beings also ultimately reach Me."
time management,9.25,"Chapter 9, Verse 25",Worshipers of the demigods go to the demigods; worshipers of the ancestors go to the ancestors; worshipers of ghosts and spirits go to such beings; and those who worship Me come to Me.
trust,18.62,"Chapter 18, Verse 62","Surrender unto Him utterly, O descendant of Bharata. By His grace you will attain supreme peace and the eternal abode."
trust,18.64,"Chapter 18, Verse 64","Because you are My very dear friend, I am speaking to you My supreme instruction, the most confidential knowledge of all. Hear this from Me, for it is for your benefit."
work-life balance,2.31,"Chapter 2, Verse 31","Furthermore, considering your own specific duty as a warrior, you should not waver. For a warrior, there is no greater good than fighting in a righteous war."
work-life balance,2.33,"Chapter 2, Verse 33","If, however, you refuse to fight this righteous war, abandoning your own duty and reputation, you will certainly incur sin."
work-life balance,3.4,"Chapter 3, Verse 4","Not by merely abstaining from work does a person achieve freedom from action, nor by mere renunciation does one attain perfection."
